texte,categorie,label,type_document
Police d'assurance habitation n° POL-895726 - Conditions particulières. Assuré : Laura Bernard (Tunis). Franchise générale de 22 900 TND par sinistre. Document contractuel confidentiel.,Personnelles,C3,Conditions particulières de police
Attestation CNAM — Bénéficiaire : Amira Gharbi (CIN 09625847). Numéro d'affiliation : 1945661L/A/C/000. Prise en charge médicale pour lombalgie chronique. Document contenant des données de santé protégées. Accès réservé au circuit autorisé et conservation dans le dossier sécurisé.,Medicale,C4,Attestation CNAM / mutuelle
"Bulletin de salaire de Slim Karray pour le mois en cours, service Support client. Montant net à payer : 12 500 TND. Document personnel ne pouvant être partagé sans consentement.",Finance,C3,Bulletin de paie
Organisation des congés et astreintes du service Sinistres jusqu'au 12/03/2026.,RH,C2,Planning d'équipe
"Demande d'adhésion au contrat d'assurance groupe COMAR. Adhérent : Emma Girard, résidant à Nabeul. CIN : 19727301, Tél : +21697969946. Signature requise pour finaliser la souscription.",Personnelles,C3,Demande de souscription contrat
"Mode opératoire interne applicable au sein de l'équipe Sinistres, non destiné à être communiqué à des tiers.",RH,C2,Procédure interne
"Dossier de contentieux opposant COMAR Assurances à une société concurrente, enjeu financier estimé à 12 500 TND. Ce dossier est couvert par le secret professionnel. Diffusion limitée aux personnes habilitées ; toute transmission externe est interdite.",Juridique,C4,Litige juridique majeur
"Tout savoir sur l'assurance habitation : garanties obligatoires, franchises et options disponibles pour protéger votre logement et votre famille.",Publique,C1,Guide assurance auto/habitation
"Offre d'emploi ouverte à candidature : poste à pourvoir au sein de l'équipe Production, annonce publiée sur les plateformes de recrutement tunisiennes.",Publique,C1,Offre d'emploi publiée
"Relevé de facturation du client Nabil Hamdi, montant total 7 800 TND, à traiter exclusivement par le service comptabilité.",Finance,C3,Facture client
"Enregistrement des coordonnées bancaires du client Fatma Bouzid (CIN 06890098) : IBAN TN593109151813690047904, RIB 64494058151939427891. Ces informations financières ne doivent en aucun cas être communiquées à un tiers non autorisé.",Finance,C3,Coordonnées bancaires client
"Fiche client COMAR : Fatma Bouzid (CIN 07702604, Monastir, Tél: (+216) 96.769.799). Police n° POL-464549. Ce dossier contient des données sensibles assurantielles.",Personnelles,C3,Dossier client (données personnelles)
"Planning prévisionnel de l'équipe Marketing pour le mois en cours, à consulter par les collaborateurs concernés uniquement.",RH,C2,Planning d'équipe
"Attestation médicale — Patient : Emma Girard, CIN 13988939, Tél: (+216) 21.316.964. Consultation du 12/03/2026 à Polyclinique Les Berges du Lac. Motif : burn-out professionnel. Ne pas diffuser en dehors du circuit médical autorisé. Toute copie, impression ou diffusion nécessite une validation préalable.",Medicale,C4,Certificat médical
Guide pratique de l'assuré : comment déclarer un sinistre en ligne et obtenir une assistance immédiate. Les étapes clés pour être remboursé rapidement.,Publique,C1,Guide assurance auto/habitation
Invitation réunion d'équipe : ordre du jour concernant le planning des audits internes et le suivi du dossier client. Rendez-vous dans la salle de conférence.,RH,C2,Invitation et planification réunion
"Arrêt de travail médical — Nabil Hamdi (CIN 19364076, Matricule 6400744W/P/C/000). Durée : 30 jours à compter du 18/11/2026. Motif : hypertension artérielle. À transmettre uniquement au service RH dans le respect du secret médical. Diffusion limitée aux personnes habilitées ; toute transmission externe est interdite.",Medicale,C4,Arrêt maladie
"Fiche client de Nabil Hamdi : coordonnées personnelles, historique d'achats et préférences. CIN 13725009, Tél: +216-55-219-569. Données soumises au RGPD et à la loi tunisienne sur la protection des données.",Personnelles,C3,Dossier client (données personnelles)
Scénario de restructuration stratégique concernant le service Support client. Ces éléments sont classés au plus haut niveau de sensibilité et leur divulgation prématurée est interdite. Diffusion limitée aux personnes habilitées ; toute transmission externe est interdite.,Strategique,C4,Plan de restructuration
"Retrouvez notre actualité et nos communiqués officiels sur notre site internet, librement accessibles à tous.",Publique,C1,Communiqué de presse
"Bulletin de salaire de Sophie Martin pour le mois en cours, service Logistique. Montant net à payer : 1 850 TND. Document personnel ne pouvant être partagé sans consentement.",Finance,C3,Bulletin de paie
Petit rappel à toute l'équipe Achats : la salle de réunion B sera indisponible le 12/03/2026 pour travaux.,RH,C2,Note de service
"Compte-rendu médical concernant Amira Gharbi (CIN 05758100), établi le 18/11/2026 par Dr. Fares Ben Youssef. Ce document relève du secret médical et ne peut être consulté que par le personnel de santé autorisé. Information de niveau hautement confidentiel, soumise au secret professionnel.",Medicale,C4,Dossier médical complet
"Synthèse de l'échange hebdomadaire de l'équipe Marketing, destinée uniquement aux membres présents et à leur hiérarchie directe.",RH,C2,Compte-rendu de réunion d'équipe
"COMAR Assurances annonce des performances financières stables pour ce semestre, consolidant sa position de leader sur le marché tunisien avec un montant net d'investissements record.",Publique,C1,Actualités financières COMAR
"Plan de réorganisation du service Marketing, prévu pour le 12/03/2026, impliquant une révision des effectifs. Document réservé au comité de direction. Accès réservé au circuit autorisé et conservation dans le dossier sécurisé.",Strategique,C4,Plan de restructuration
"Charte de confidentialité : comment nous traitons vos données personnelles collectées sur notre site web institutionnel. Conformément à la législation en vigueur, vous disposez d'un droit d'accès et de rectification.",Publique,C1,Politique de confidentialité publique
"Fiche de prélèvement bancaire COMAR : Client Youssef Chaabane, IBAN TN598005382898122396575, CIN 11380718, Tél: +21674069939.",Finance,C3,Coordonnées bancaires client
"Récapitulatif de rémunération de Youssef Chaabane : 12 500 TND, à conserver dans le dossier du salarié, accès restreint au service RH.",Finance,C3,Bulletin de paie
Guide pratique de l'assuré : comment déclarer un sinistre en ligne et obtenir une assistance immédiate. Les étapes clés pour être remboursé rapidement.,Publique,C1,Guide assurance auto/habitation
"Ordonnance médicale concernant Youssef Chaabane (CIN 12707593). Traitement prescrit le 12/03/2026 par Dr. Sami Mejri. Ce document ne peut être consulté que par le personnel médical habilité et le pharmacien. Information de niveau hautement confidentiel, soumise au secret professionnel.",Medicale,C4,Ordonnance médicale
"TEMPLATE DE CERTIFICAT MEDICAL D'APTITUDE
Je soussigné Dr [Nom du médecin] certifie que M./Mme [Nom du patient] ... 
Diagnostic : [________________]
Signature et cachet du médecin :",Publique,C1,Modèle de document vierge
Attestation CNAM — Bénéficiaire : Fatma Bouzid (CIN 11869868). Numéro d'affiliation : 1894748T/P/N/000. Prise en charge médicale pour fracture du poignet. Document contenant des données de santé protégées. Accès réservé au circuit autorisé et conservation dans le dossier sécurisé.,Medicale,C4,Attestation CNAM / mutuelle
"Contrat de travail établi entre COMAR Assurances et Nabil Hamdi, affecté(e) au service Production à Sousse, prenant effet le 12/03/2026. CIN : 14283267. Ce document engage les deux parties.",RH,C3,Contrat de travail
"Compte-rendu de la réunion du service Support client du 18/11/2026 : points abordés, décisions prises et actions à suivre par l'équipe.",RH,C2,Compte-rendu de réunion d'équipe
"Rapport d'expertise médicale confidentiel rédigé par Dr. Henda Trabelsi, médecin conseil de COMAR Assurances. Suite à l'examen de l'assuré Youssef Chaabane (CIN 18525724) après son accident du 30/09/2025. Diagnostic : grippe saisonnière entraînant une incapacité permanente partielle. Destiné exclusivement au service médical. Toute copie, impression ou diffusion nécessite une validation préalable.",Medicale,C4,Rapport médical médecin conseil
"Rapport d'expertise sinistre pour Mohamed Jebali, référence SIN-2026704. Coordonnées : (+216) 72.901.259, Bizerte. Document contenant des données personnelles et financières sensibles.",Personnelles,C3,Déclaration sinistre assurance
"Communiqué financier : COMAR Assurances affiche des résultats solides pour l'exercice écoulé, avec une hausse du chiffre d'affaires global et de nombreux nouveaux contrats signés à Tunis.",Publique,C1,Actualités financières COMAR
"Offre d'emploi ouverte à candidature : poste à pourvoir au sein de l'équipe R&D, annonce publiée sur les plateformes de recrutement tunisiennes.",Publique,C1,Offre d'emploi publiée
Note interne du 22/01/2026 concernant l'organisation du service R&D pour le trimestre à venir. Ne pas transmettre en dehors de l'entreprise.,RH,C2,Note de service
"Compte-rendu de la réunion du service Marketing du 05/06/2026 : points abordés, décisions prises et actions à suivre par l'équipe.",RH,C2,Compte-rendu de réunion d'équipe
"Ordonnance médicale concernant Karim Ben Ali (CIN 10341163). Traitement prescrit le 30/09/2025 par Dr. Leila Hammami. Ce document ne peut être consulté que par le personnel médical habilité et le pharmacien. Toute copie, impression ou diffusion nécessite une validation préalable.",Medicale,C4,Ordonnance médicale
"Accord commercial conclu entre COMAR Assurances et une société concurrente, portant sur une prestation d'un montant de 150 000 TND. Les termes de cet accord ne peuvent être divulgués sans autorisation.",Juridique,C3,Contrat commercial
"Enregistrement des coordonnées bancaires du client Laura Bernard (CIN 08638130) : IBAN TN595807770750139939256, RIB 79746317718626678616. Ces informations financières ne doivent en aucun cas être communiquées à un tiers non autorisé.",Finance,C3,Coordonnées bancaires client
Le présent contrat fixe les conditions d'emploi de Julie Dupont au sein du service Logistique. Sa diffusion est strictement réservée aux ressources humaines et à l'intéressé(e).,RH,C3,Contrat de travail
"Synthèse de l'échange hebdomadaire de l'équipe Marketing, destinée uniquement aux membres présents et à leur hiérarchie directe.",RH,C2,Compte-rendu de réunion d'équipe
Facture n° 2026-22/01/2026 émise au nom de Fatma Bouzid pour un montant de 150 000 TND. Coordonnées de paiement : IBAN TN590309092005626070247.,Finance,C3,Facture client
"Offre d'emploi ouverte à candidature : poste à pourvoir au sein de l'équipe Souscription, annonce publiée sur les plateformes de recrutement tunisiennes.",Publique,C1,Offre d'emploi publiée
Attestation CNAM — Bénéficiaire : Mohamed Jebali (CIN 16343399). Numéro d'affiliation : 2973980T/A/M/000. Prise en charge médicale pour lombalgie chronique. Document contenant des données de santé protégées. Diffusion limitée aux personnes habilitées ; toute transmission externe est interdite.,Medicale,C4,Attestation CNAM / mutuelle
"Arrêt de travail médical — Laura Bernard (CIN 13596276, Matricule 6457737E/P/N/000). Durée : 30 jours à compter du 05/06/2026. Motif : grippe saisonnière. À transmettre uniquement au service RH dans le respect du secret médical. Diffusion limitée aux personnes habilitées ; toute transmission externe est interdite.",Medicale,C4,Arrêt maladie
"Déclaration de sinistre n° SIN-2026578 — Assuré : Emma Girard (CIN 04900197, Tél: +216 76 893 345). Police POL-145910. Montant réclamé : 12 500 TND. Dossier à traiter par le service Sinistres.",Personnelles,C3,Déclaration sinistre assurance
"Éléments stratégiques relatifs au rapprochement avec un partenaire industriel, prévu pour le 22/01/2026. Toute fuite d'information avant l'annonce officielle exposerait l'entreprise à un risque financier majeur. Diffusion limitée aux personnes habilitées ; toute transmission externe est interdite.",Strategique,C4,Plan de fusion-acquisition
Scénario de restructuration stratégique concernant le service Sinistres. Ces éléments sont classés au plus haut niveau de sensibilité et leur divulgation prématurée est interdite. Accès réservé au circuit autorisé et conservation dans le dossier sécurisé.,Strategique,C4,Plan de restructuration
"Communiqué financier : COMAR Assurances affiche des résultats solides pour l'exercice écoulé, avec une hausse du chiffre d'affaires global et de nombreux nouveaux contrats signés à Tunis.",Publique,C1,Actualités financières COMAR
"Déclaration de sinistre n° SIN-2024008 — Assuré : Mohamed Jebali (CIN 12125860, Tél: +216 77 209 818). Police POL-475676. Montant réclamé : 150 000 TND. Dossier à traiter par le service Sinistres.",Personnelles,C3,Déclaration sinistre assurance
"Communiqué financier : COMAR Assurances affiche des résultats solides pour l'exercice écoulé, avec une hausse du chiffre d'affaires global et de nombreux nouveaux contrats signés à Tunis.",Publique,C1,Actualités financières COMAR
"Fiche client de Julie Dupont : coordonnées personnelles, historique d'achats et préférences. CIN 02759426, Tél: +216 91 327 222. Données soumises au RGPD et à la loi tunisienne sur la protection des données.",Personnelles,C3,Dossier client (données personnelles)
"Fiche client COMAR : Amira Gharbi (CIN 12979685, La Marsa, Tél: +216 58 621 167). Police n° POL-110336. Ce dossier contient des données sensibles assurantielles.",Personnelles,C3,Dossier client (données personnelles)
"Simulation de tarif pour une assurance auto COMAR. Client : Laura Bernard. Véhicule de tourisme, usage privé. Montant de la cotisation annuelle estimé à 22 900 TND. Valable 30 jours.",Finance,C3,Devis et simulation assurance
"Rémunération globale du dirigeant Laura Bernard pour l'exercice en cours : 150 000 TND. Cette information est réservée aux membres du conseil d'administration. Toute copie, impression ou diffusion nécessite une validation préalable.",Finance,C4,Rémunération dirigeant
"COMAR Assurances annonce des performances financières stables pour ce semestre, consolidant sa position de leader sur le marché tunisien avec un montant net d'investissements record.",Publique,C1,Actualités financières COMAR
L'entreprise a le plaisir d'informer l'ensemble de ses parties prenantes et du public du succès de son événement annuel organisé à Ariana le 12/03/2026.,Publique,C1,Communiqué de presse
"Offre d'emploi ouverte à candidature : poste à pourvoir au sein de l'équipe R&D, annonce publiée sur les plateformes de recrutement tunisiennes.",Publique,C1,Offre d'emploi publiée
"Arrêt de travail médical — Nabil Hamdi (CIN 08194033, Matricule 7442366O/A/M/000). Durée : 30 jours à compter du 05/06/2026. Motif : fracture du poignet. À transmettre uniquement au service RH dans le respect du secret médical. Toute copie, impression ou diffusion nécessite une validation préalable.",Medicale,C4,Arrêt maladie
"Plan de réorganisation du service Achats, prévu pour le 05/06/2026, impliquant une révision des effectifs. Document réservé au comité de direction. Information de niveau hautement confidentiel, soumise au secret professionnel.",Strategique,C4,Plan de restructuration
"Accord commercial conclu entre COMAR Assurances et un groupe international, portant sur une prestation d'un montant de 1 850 TND. Les termes de cet accord ne peuvent être divulgués sans autorisation.",Juridique,C3,Contrat commercial
"Relevé de remboursement mutuelle pour Ahmed Trabelsi (CIN 14055463). Montant remboursé : 150 000 TND. Acte médical : grippe saisonnière. Données de santé couvertes par le secret médical. Toute copie, impression ou diffusion nécessite une validation préalable.",Medicale,C4,Attestation CNAM / mutuelle
"Projet d'acquisition en cours de négociation avec un partenaire industriel, montant envisagé 1 850 TND. Ce dossier ne doit être consulté que par les membres du comité exécutif jusqu'à son annonce officielle. Diffusion limitée aux personnes habilitées ; toute transmission externe est interdite.",Strategique,C4,Plan de fusion-acquisition
"Présentation de notre mission, de nos valeurs et de notre histoire, publiée sur la page d'accueil de notre site institutionnel COMAR Assurances.",Publique,C1,Page site web institutionnel
"Éléments stratégiques relatifs au rapprochement avec un groupe international, prévu pour le 12/03/2026. Toute fuite d'information avant l'annonce officielle exposerait l'entreprise à un risque financier majeur. Information de niveau hautement confidentiel, soumise au secret professionnel.",Strategique,C4,Plan de fusion-acquisition
"COMAR Santé : Pour votre bien-être, adoptez une alimentation équilibrée et pratiquez une activité physique régulière. Pour toute question médicale, consultez votre médecin traitant.",Publique,C1,Conseils prévention et santé
"Fiche client de Youssef Chaabane : coordonnées personnelles, historique d'achats et préférences. CIN 10223644, Tél: +216 96 951 437. Données soumises au RGPD et à la loi tunisienne sur la protection des données.",Personnelles,C3,Dossier client (données personnelles)
"Charte de confidentialité : comment nous traitons vos données personnelles collectées sur notre site web institutionnel. Conformément à la législation en vigueur, vous disposez d'un droit d'accès et de rectification.",Publique,C1,Politique de confidentialité publique
"MODÈLE DE FICHE CLIENT VIERGE - COMAR ASSURANCES
Nom de l'assuré : [Insérer Nom]
CIN : [__ __ __ __ __ __ __ __]
Téléphone : [Insérer Numéro]
Adresse : [Insérer Ville]
Numéro de police : POL-xxxxxx
Numéro de sinistre : SIN-xxxxxxx",Publique,C1,Modèle de document vierge
"Dossier de contentieux opposant COMAR Assurances à un partenaire industriel, enjeu financier estimé à 1 850 TND. Ce dossier est couvert par le secret professionnel. Information de niveau hautement confidentiel, soumise au secret professionnel.",Juridique,C4,Litige juridique majeur
"Éléments stratégiques relatifs au rapprochement avec un fonds d'investissement, prévu pour le 30/09/2025. Toute fuite d'information avant l'annonce officielle exposerait l'entreprise à un risque financier majeur. Information de niveau hautement confidentiel, soumise au secret professionnel.",Strategique,C4,Plan de fusion-acquisition
"Retrouvez notre actualité et nos communiqués officiels sur notre site internet, librement accessibles à tous.",Publique,C1,Communiqué de presse
"Simulation de tarif pour une assurance auto COMAR. Client : Ahmed Trabelsi. Véhicule de tourisme, usage privé. Montant de la cotisation annuelle estimé à 3 200 TND. Valable 30 jours.",Finance,C3,Devis et simulation assurance
Avis d'échéance COMAR Assurances. Client : Karim Ben Ali. Police n° POL-195955. Cotisation due pour la période du 22/01/2026 : 1 850 TND. À régler par prélèvement sur votre compte IBAN TN590200631410924432954.,Finance,C3,Avis d'échéance et appel de cotisations
"Arrêt de travail médical — Youssef Chaabane (CIN 11944595, Matricule 6183042C/P/C/000). Durée : 5 jours à compter du 18/11/2026. Motif : lombalgie chronique. À transmettre uniquement au service RH dans le respect du secret médical. Accès réservé au circuit autorisé et conservation dans le dossier sécurisé.",Medicale,C4,Arrêt maladie
Rémunération globale du dirigeant Julie Dupont pour l'exercice en cours : 12 500 TND. Cette information est réservée aux membres du conseil d'administration. Diffusion limitée aux personnes habilitées ; toute transmission externe est interdite.,Finance,C4,Rémunération dirigeant
"Présentation de notre mission, de nos valeurs et de notre histoire, publiée sur la page d'accueil de notre site institutionnel COMAR Assurances.",Publique,C1,Page site web institutionnel
Le présent contrat lie l'entreprise à un partenaire industriel à compter du 18/11/2026. Sa communication est réservée aux signataires et à la direction juridique.,Juridique,C3,Contrat commercial
"Bulletin de salaire de Karim Ben Ali pour le mois en cours, service Marketing. Montant net à payer : 48 000 TND. Document personnel ne pouvant être partagé sans consentement.",Finance,C3,Bulletin de paie
Guide pratique de l'assuré : comment déclarer un sinistre en ligne et obtenir une assistance immédiate. Les étapes clés pour être remboursé rapidement.,Publique,C1,Guide assurance auto/habitation
"Charte de confidentialité : comment nous traitons vos données personnelles collectées sur notre site web institutionnel. Conformément à la législation en vigueur, vous disposez d'un droit d'accès et de rectification.",Publique,C1,Politique de confidentialité publique
Police d'assurance habitation n° POL-232619 - Conditions particulières. Assuré : Mohamed Jebali (Bizerte). Franchise générale de 12 500 TND par sinistre. Document contractuel confidentiel.,Personnelles,C3,Conditions particulières de police
Devis d'assurance habitation n° POL-775029 établi pour Youssef Chaabane (CIN 09423802). Cotisation annuelle : 48 000 TND pour une couverture multirisque à Ariana.,Finance,C3,Devis et simulation assurance
Appel de cotisation pour votre assurance auto n° POL-721253. Assuré : Emma Girard. Montant net à payer : 3 200 TND avant le 22/01/2026. Coordonnées bancaires COMAR pour virement : RIB 26117370215384503559.,Finance,C3,Avis d'échéance et appel de cotisations
"ORDONNANCE — Dr. Sami Mejri, Clinique El Amen, Monastir. Patient : Julie Dupont (CIN 02212370). Prescription médicale pour fracture du poignet. Document de santé protégé par le secret médical. Diffusion limitée aux personnes habilitées ; toute transmission externe est interdite.",Medicale,C4,Ordonnance médicale
Rémunération globale du dirigeant Sophie Martin pour l'exercice en cours : 48 000 TND. Cette information est réservée aux membres du conseil d'administration. Diffusion limitée aux personnes habilitées ; toute transmission externe est interdite.,Finance,C4,Rémunération dirigeant
"Attestation CNAM — Bénéficiaire : Julie Dupont (CIN 02494878). Numéro d'affiliation : 7190186U/P/N/000. Prise en charge médicale pour fracture du poignet. Document contenant des données de santé protégées. Toute copie, impression ou diffusion nécessite une validation préalable.",Medicale,C4,Attestation CNAM / mutuelle
"Présentation de notre mission, de nos valeurs et de notre histoire, publiée sur la page d'accueil de notre site institutionnel COMAR Assurances.",Publique,C1,Page site web institutionnel
"Découvrez notre engagement en matière de responsabilité sociétale à Nabeul, à retrouver sur notre site web ouvert à tous les visiteurs.",Publique,C1,Page site web institutionnel
Le présent contrat fixe les conditions d'emploi de Sophie Martin au sein du service Logistique. Sa diffusion est strictement réservée aux ressources humaines et à l'intéressé(e).,RH,C3,Contrat de travail
"MODÈLE DE FICHE CLIENT VIERGE - COMAR ASSURANCES
Nom de l'assuré : [Insérer Nom]
CIN : [__ __ __ __ __ __ __ __]
Téléphone : [Insérer Numéro]
Adresse : [Insérer Ville]
Numéro de police : POL-xxxxxx
Numéro de sinistre : SIN-xxxxxxx",Publique,C1,Modèle de document vierge
"Synthèse de l'échange hebdomadaire de l'équipe Achats, destinée uniquement aux membres présents et à leur hiérarchie directe.",RH,C2,Compte-rendu de réunion d'équipe
Guide de santé publique : comment prévenir les maladies saisonnières. Des conseils simples pour renforcer votre système immunitaire cet hiver.,Publique,C1,Conseils prévention et santé
"Mise à jour du moyen de paiement de Emma Girard : nouvel IBAN TN592309996369184544198 enregistré dans le système, accès limité au service Finance.",Finance,C3,Coordonnées bancaires client
"Attestation CNAM — Bénéficiaire : Sophie Martin (CIN 03003004). Numéro d'affiliation : 7354204Q/A/C/000. Prise en charge médicale pour hypertension artérielle. Document contenant des données de santé protégées. Toute copie, impression ou diffusion nécessite une validation préalable.",Medicale,C4,Attestation CNAM / mutuelle
Petit rappel à toute l'équipe R&D : la salle de réunion B sera indisponible le 12/03/2026 pour travaux.,RH,C2,Note de service
Invitation réunion d'équipe : ordre du jour concernant le planning des audits internes et le suivi du dossier client. Rendez-vous dans la salle de conférence.,RH,C2,Invitation et planification réunion
Police d'assurance habitation n° POL-294649 - Conditions particulières. Assuré : Youssef Chaabane (Sousse). Franchise générale de 150 000 TND par sinistre. Document contractuel confidentiel.,Personnelles,C3,Conditions particulières de police
"Relevé d'identité bancaire COMAR : titulaire Youssef Chaabane, banque STB, RIB 69832328541422632621, IBAN TN590800103022123955121. Ne pas transmettre par messagerie non sécurisée.",Finance,C3,Attestation bancaire (RIB tunisien)
"Dossier de suivi du client Emma Girard, incluant ses informations de contact (Mobile: +21656176111, Fixe: 53120588). Accès réservé aux collaborateurs habilités du service R&D.",Personnelles,C3,Dossier client (données personnelles)
Devis d'assurance habitation n° POL-994679 établi pour Amira Gharbi (CIN 00634437). Cotisation annuelle : 22 900 TND pour une couverture multirisque à Bizerte.,Finance,C3,Devis et simulation assurance
Nous recrutons un(e) chargé(e) de projet pour rejoindre notre service Production à Ariana. Candidature à envoyer via notre site carrière.,Publique,C1,Offre d'emploi publiée
"Certificat d'arrêt de travail de Nabil Hamdi, établi par Dr. Sami Mejri le 30/09/2025. Incapacité temporaire de 10 jours. Document couvert par le secret médical, accès restreint au médecin du travail COMAR. Diffusion limitée aux personnes habilitées ; toute transmission externe est interdite.",Medicale,C4,Arrêt maladie
"Attestation médicale — Patient : Nabil Hamdi, CIN 07121519, Tél: +216 78 096 273. Consultation du 30/09/2025 à Hôpital Charles Nicolle. Motif : grippe saisonnière. Ne pas diffuser en dehors du circuit médical autorisé. Diffusion limitée aux personnes habilitées ; toute transmission externe est interdite.",Medicale,C4,Certificat médical
"Synthèse de l'échange hebdomadaire de l'équipe Logistique, destinée uniquement aux membres présents et à leur hiérarchie directe.",RH,C2,Compte-rendu de réunion d'équipe
"Mode opératoire interne applicable au sein de l'équipe Logistique, non destiné à être communiqué à des tiers.",RH,C2,Procédure interne
"Accord commercial conclu entre COMAR Assurances et un fonds d'investissement, portant sur une prestation d'un montant de 150 000 TND. Les termes de cet accord ne peuvent être divulgués sans autorisation.",Juridique,C3,Contrat commercial
"Rapport d'expertise médicale confidentiel rédigé par Dr. Leila Hammami, médecin conseil de COMAR Assurances. Suite à l'examen de l'assuré Mohamed Jebali (CIN 01675503) après son accident du 22/01/2026. Diagnostic : grippe saisonnière entraînant une incapacité permanente partielle. Destiné exclusivement au service médical. Diffusion limitée aux personnes habilitées ; toute transmission externe est interdite.",Medicale,C4,Rapport médical médecin conseil
"Procédure de fonctionnement du service R&D : étapes à suivre pour le traitement des demandes courantes, réservée au personnel de l'entreprise.",RH,C2,Procédure interne
"Procédure judiciaire en cours concernant un différend avec un partenaire industriel. Les pièces de ce dossier ne peuvent être communiquées qu'aux avocats mandatés et à la direction générale. Information de niveau hautement confidentiel, soumise au secret professionnel.",Juridique,C4,Litige juridique majeur
Facture n° 2026-18/11/2026 émise au nom de Ahmed Trabelsi pour un montant de 150 000 TND. Coordonnées de paiement : IBAN TN598106115566134047500.,Finance,C3,Facture client
"ORDONNANCE — Dr. Henda Trabelsi, Clinique El Amen, Gabès. Patient : Emma Girard (CIN 11856233). Prescription médicale pour burn-out professionnel. Document de santé protégé par le secret médical. Accès réservé au circuit autorisé et conservation dans le dossier sécurisé.",Medicale,C4,Ordonnance médicale
"Attestation médicale — Patient : Laura Bernard, CIN 17006169, Tél: +216 53 847 381. Consultation du 22/01/2026 à Clinique El Amen. Motif : burn-out professionnel. Ne pas diffuser en dehors du circuit médical autorisé. Information de niveau hautement confidentiel, soumise au secret professionnel.",Medicale,C4,Certificat médical
"Ordonnance médicale concernant Ahmed Trabelsi (CIN 18299895). Traitement prescrit le 22/01/2026 par Dr. Henda Trabelsi. Ce document ne peut être consulté que par le personnel médical habilité et le pharmacien. Toute copie, impression ou diffusion nécessite une validation préalable.",Medicale,C4,Ordonnance médicale
"COMAR Assurances annonce des performances financières stables pour ce semestre, consolidant sa position de leader sur le marché tunisien avec un montant net d'investissements record.",Publique,C1,Actualités financières COMAR
Guide pratique de l'assuré : comment déclarer un sinistre en ligne et obtenir une assistance immédiate. Les étapes clés pour être remboursé rapidement.,Publique,C1,Guide assurance auto/habitation
Organisation des congés et astreintes du service R&D jusqu'au 30/09/2025.,RH,C2,Planning d'équipe
"Fiche de prélèvement bancaire COMAR : Client Ahmed Trabelsi, IBAN TN594902738681337227818, CIN 11787602, Tél: (+216) 92.749.072.",Finance,C3,Coordonnées bancaires client
"Simulation de tarif pour une assurance auto COMAR. Client : Slim Karray. Véhicule de tourisme, usage privé. Montant de la cotisation annuelle estimé à 22 900 TND. Valable 30 jours.",Finance,C3,Devis et simulation assurance
"Compte-rendu de la réunion du service Production du 18/11/2026 : points abordés, décisions prises et actions à suivre par l'équipe.",RH,C2,Compte-rendu de réunion d'équipe
"Formulaire de souscription assurance vie. Souscripteur : Slim Karray (CIN 13987888, Tél: +21698994984). Bénéficiaire désigné en cas de décès : conjoint(e). Reçu le 18/11/2026.",Personnelles,C3,Demande de souscription contrat
"Procédure de fonctionnement du service Production : étapes à suivre pour le traitement des demandes courantes, réservée au personnel de l'entreprise.",RH,C2,Procédure interne
"Demande d'adhésion au contrat d'assurance groupe COMAR. Adhérent : Julie Dupont, résidant à Nabeul. CIN : 06586949, Tél : +216-24-997-851. Signature requise pour finaliser la souscription.",Personnelles,C3,Demande de souscription contrat
"Dossier médical confidentiel de Slim Karray (CIN 10152800, Tél: (+216) 76.486.157). Antécédents : burn-out professionnel. Suivi à Polyclinique Les Berges du Lac. Accès strictement restreint au médecin conseil COMAR. Toute copie, impression ou diffusion nécessite une validation préalable.",Medicale,C4,Dossier médical complet
"Bulletin de salaire de Emma Girard pour le mois en cours, service Souscription. Montant net à payer : 48 000 TND. Document personnel ne pouvant être partagé sans consentement.",Finance,C3,Bulletin de paie
Avis d'échéance COMAR Assurances. Client : Fatma Bouzid. Police n° POL-633351. Cotisation due pour la période du 05/06/2026 : 3 200 TND. À régler par prélèvement sur votre compte IBAN TN599507996591239449493.,Finance,C3,Avis d'échéance et appel de cotisations
"Procédure de fonctionnement du service R&D : étapes à suivre pour le traitement des demandes courantes, réservée au personnel de l'entreprise.",RH,C2,Procédure interne
"Relevé d'identité bancaire COMAR : titulaire Youssef Chaabane, banque STB, RIB 06699128568594416493, IBAN TN598708427751536720975. Ne pas transmettre par messagerie non sécurisée.",Finance,C3,Attestation bancaire (RIB tunisien)
"Attestation CNAM — Bénéficiaire : Ahmed Trabelsi (CIN 11102201). Numéro d'affiliation : 3495944Q/A/M/000. Prise en charge médicale pour grippe saisonnière. Document contenant des données de santé protégées. Information de niveau hautement confidentiel, soumise au secret professionnel.",Medicale,C4,Attestation CNAM / mutuelle
"Projet d'acquisition en cours de négociation avec un partenaire industriel, montant envisagé 3 200 TND. Ce dossier ne doit être consulté que par les membres du comité exécutif jusqu'à son annonce officielle. Toute copie, impression ou diffusion nécessite une validation préalable.",Strategique,C4,Plan de fusion-acquisition
"Relevé d'identité bancaire COMAR : titulaire Youssef Chaabane, banque STB, RIB 53952563773125245870, IBAN TN597908662692339530025. Ne pas transmettre par messagerie non sécurisée.",Finance,C3,Attestation bancaire (RIB tunisien)
"Attestation CNAM — Bénéficiaire : Amira Gharbi (CIN 09557016). Numéro d'affiliation : 3842158L/A/M/000. Prise en charge médicale pour grippe saisonnière. Document contenant des données de santé protégées. Information de niveau hautement confidentiel, soumise au secret professionnel.",Medicale,C4,Attestation CNAM / mutuelle
Invitation réunion d'équipe : ordre du jour concernant le planning des audits internes et le suivi du dossier client. Rendez-vous dans la salle de conférence.,RH,C2,Invitation et planification réunion
"Certificat d'arrêt de travail de Amira Gharbi, établi par Dr. Henda Trabelsi le 22/01/2026. Incapacité temporaire de 10 jours. Document couvert par le secret médical, accès restreint au médecin du travail COMAR. Accès réservé au circuit autorisé et conservation dans le dossier sécurisé.",Medicale,C4,Arrêt maladie
"Arrêt de travail médical — Mohamed Jebali (CIN 04445169, Matricule 5724262T/P/N/000). Durée : 5 jours à compter du 22/01/2026. Motif : fracture du poignet. À transmettre uniquement au service RH dans le respect du secret médical. Toute copie, impression ou diffusion nécessite une validation préalable.",Medicale,C4,Arrêt maladie
"Rapport d'expertise sinistre pour Nabil Hamdi, référence SIN-2024566. Coordonnées : +216-55-669-498, Gabès. Document contenant des données personnelles et financières sensibles.",Personnelles,C3,Déclaration sinistre assurance
Appel de cotisation pour votre assurance auto n° POL-141236. Assuré : Nabil Hamdi. Montant net à payer : 12 500 TND avant le 12/03/2026. Coordonnées bancaires COMAR pour virement : RIB 56931493548810732761.,Finance,C3,Avis d'échéance et appel de cotisations
Nous recrutons un(e) chargé(e) de projet pour rejoindre notre service Souscription à Sousse. Candidature à envoyer via notre site carrière.,Publique,C1,Offre d'emploi publiée
"Rapport d'évaluation médicale - Médecin conseil : Dr. Sami Mejri. Assuré : Mohamed Jebali (CIN 01335862, Tél : +216 75 850 385). Examen médical du dossier de sinistre SIN-2025662. Conclusion : lombalgie chronique, incapacité de 5 jours à valider. Soumis au secret médical strict. Information de niveau hautement confidentiel, soumise au secret professionnel.",Medicale,C4,Rapport médical médecin conseil
Avis d'échéance COMAR Assurances. Client : Emma Girard. Police n° POL-307523. Cotisation due pour la période du 12/03/2026 : 1 850 TND. À régler par prélèvement sur votre compte IBAN TN590501817614266244367.,Finance,C3,Avis d'échéance et appel de cotisations
"Rapport d'évaluation médicale - Médecin conseil : Dr. Leila Hammami. Assuré : Laura Bernard (CIN 04534210, Tél : +216-73-589-119). Examen médical du dossier de sinistre SIN-2024829. Conclusion : lombalgie chronique, incapacité de 10 jours à valider. Soumis au secret médical strict. Diffusion limitée aux personnes habilitées ; toute transmission externe est interdite.",Medicale,C4,Rapport médical médecin conseil
"Retrouvez notre actualité et nos communiqués officiels sur notre site internet, librement accessibles à tous.",Publique,C1,Communiqué de presse
Facture n° 2026-12/03/2026 émise au nom de Ahmed Trabelsi pour un montant de 48 000 TND. Coordonnées de paiement : IBAN TN593101543978157341591.,Finance,C3,Facture client
"COMAR Assurances annonce des performances financières stables pour ce semestre, consolidant sa position de leader sur le marché tunisien avec un montant net d'investissements record.",Publique,C1,Actualités financières COMAR
"Mise à jour du moyen de paiement de Nabil Hamdi : nouvel IBAN TN590409461730515133209 enregistré dans le système, accès limité au service Finance.",Finance,C3,Coordonnées bancaires client
"Découvrez notre engagement en matière de responsabilité sociétale à Ariana, à retrouver sur notre site web ouvert à tous les visiteurs.",Publique,C1,Page site web institutionnel
"Rapport d'expertise médicale confidentiel rédigé par Dr. Fares Ben Youssef, médecin conseil de COMAR Assurances. Suite à l'examen de l'assuré Amira Gharbi (CIN 18744853) après son accident du 30/09/2025. Diagnostic : fracture du poignet entraînant une incapacité permanente partielle. Destiné exclusivement au service médical. Diffusion limitée aux personnes habilitées ; toute transmission externe est interdite.",Medicale,C4,Rapport médical médecin conseil
"Scénario de restructuration stratégique concernant le service Logistique. Ces éléments sont classés au plus haut niveau de sensibilité et leur divulgation prématurée est interdite. Toute copie, impression ou diffusion nécessite une validation préalable.",Strategique,C4,Plan de restructuration
"Conditions particulières du contrat d'assurance auto n° POL-783599 souscrit par Mohamed Jebali (CIN 17385375, Tél: +21626220721). Date d'effet : 05/06/2026. Garanties : Responsabilité Civile, Vol et Incendie.",Personnelles,C3,Conditions particulières de police
"Simulation de tarif pour une assurance auto COMAR. Client : Youssef Chaabane. Véhicule de tourisme, usage privé. Montant de la cotisation annuelle estimé à 12 500 TND. Valable 30 jours.",Finance,C3,Devis et simulation assurance
"Rapport d'évaluation médicale - Médecin conseil : Dr. Fares Ben Youssef. Assuré : Laura Bernard (CIN 08501208, Tél : +216-53-892-116). Examen médical du dossier de sinistre SIN-2026146. Conclusion : lombalgie chronique, incapacité de 30 jours à valider. Soumis au secret médical strict. Accès réservé au circuit autorisé et conservation dans le dossier sécurisé.",Medicale,C4,Rapport médical médecin conseil
"Arrêt de travail médical — Youssef Chaabane (CIN 04177921, Matricule 7600625A/A/C/000). Durée : 3 jours à compter du 22/01/2026. Motif : grippe saisonnière. À transmettre uniquement au service RH dans le respect du secret médical. Accès réservé au circuit autorisé et conservation dans le dossier sécurisé.",Medicale,C4,Arrêt maladie
"Éléments stratégiques relatifs au rapprochement avec une société concurrente, prévu pour le 22/01/2026. Toute fuite d'information avant l'annonce officielle exposerait l'entreprise à un risque financier majeur. Accès réservé au circuit autorisé et conservation dans le dossier sécurisé.",Strategique,C4,Plan de fusion-acquisition
"COMAR Santé : Pour votre bien-être, adoptez une alimentation équilibrée et pratiquez une activité physique régulière. Pour toute question médicale, consultez votre médecin traitant.",Publique,C1,Conseils prévention et santé
"Dossier médical confidentiel de Mohamed Jebali (CIN 12303350, Tél: +216 26 232 900). Antécédents : fracture du poignet. Suivi à Clinique El Amen. Accès strictement restreint au médecin conseil COMAR. Information de niveau hautement confidentiel, soumise au secret professionnel.",Medicale,C4,Dossier médical complet
"Formulaire de souscription assurance vie. Souscripteur : Mohamed Jebali (CIN 10077160, Tél: +21626083173). Bénéficiaire désigné en cas de décès : conjoint(e). Reçu le 18/11/2026.",Personnelles,C3,Demande de souscription contrat
Guide pratique de l'assuré : comment déclarer un sinistre en ligne et obtenir une assistance immédiate. Les étapes clés pour être remboursé rapidement.,Publique,C1,Guide assurance auto/habitation
"Simulation de tarif pour une assurance auto COMAR. Client : Slim Karray. Véhicule de tourisme, usage privé. Montant de la cotisation annuelle estimé à 12 500 TND. Valable 30 jours.",Finance,C3,Devis et simulation assurance
Police d'assurance habitation n° POL-121231 - Conditions particulières. Assuré : Amira Gharbi (Bizerte). Franchise générale de 1 850 TND par sinistre. Document contractuel confidentiel.,Personnelles,C3,Conditions particulières de police
"Attestation médicale — Patient : Nabil Hamdi, CIN 09444831, Tél: (+216) 91.493.601. Consultation du 18/11/2026 à Clinique El Amen. Motif : grippe saisonnière. Ne pas diffuser en dehors du circuit médical autorisé. Information de niveau hautement confidentiel, soumise au secret professionnel.",Medicale,C4,Certificat médical
"Rapport d'expertise médicale confidentiel rédigé par Dr. Sami Mejri, médecin conseil de COMAR Assurances. Suite à l'examen de l'assuré Nabil Hamdi (CIN 01299315) après son accident du 30/09/2025. Diagnostic : grippe saisonnière entraînant une incapacité permanente partielle. Destiné exclusivement au service médical. Accès réservé au circuit autorisé et conservation dans le dossier sécurisé.",Medicale,C4,Rapport médical médecin conseil
"COMAR Assurances annonce des performances financières stables pour ce semestre, consolidant sa position de leader sur le marché tunisien avec un montant net d'investissements record.",Publique,C1,Actualités financières COMAR
"Certificat médical délivré par Polyclinique Les Berges du Lac concernant Slim Karray (CIN 19684727). Diagnostic : fracture du poignet. Durée d'incapacité : 30 jours. Document strictement confidentiel, réservé au médecin conseil COMAR et au service RH. Information de niveau hautement confidentiel, soumise au secret professionnel.",Medicale,C4,Certificat médical
"ORDONNANCE — Dr. Henda Trabelsi, Clinique El Amen, Tunis. Patient : Nabil Hamdi (CIN 05536731). Prescription médicale pour grippe saisonnière. Document de santé protégé par le secret médical. Accès réservé au circuit autorisé et conservation dans le dossier sécurisé.",Medicale,C4,Ordonnance médicale
"COMAR Santé : Pour votre bien-être, adoptez une alimentation équilibrée et pratiquez une activité physique régulière. Pour toute question médicale, consultez votre médecin traitant.",Publique,C1,Conseils prévention et santé
"Récapitulatif de rémunération de Sophie Martin : 3 200 TND, à conserver dans le dossier du salarié, accès restreint au service RH.",Finance,C3,Bulletin de paie
Rémunération globale du dirigeant Slim Karray pour l'exercice en cours : 1 850 TND. Cette information est réservée aux membres du conseil d'administration. Diffusion limitée aux personnes habilitées ; toute transmission externe est interdite.,Finance,C4,Rémunération dirigeant
"Communiqué financier : COMAR Assurances affiche des résultats solides pour l'exercice écoulé, avec une hausse du chiffre d'affaires global et de nombreux nouveaux contrats signés à Tunis.",Publique,C1,Actualités financières COMAR
Guide pratique de l'assuré : comment déclarer un sinistre en ligne et obtenir une assistance immédiate. Les étapes clés pour être remboursé rapidement.,Publique,C1,Guide assurance auto/habitation
"Arrêt de travail médical — Sophie Martin (CIN 02276904, Matricule 3030275A/P/N/000). Durée : 30 jours à compter du 30/09/2025. Motif : grippe saisonnière. À transmettre uniquement au service RH dans le respect du secret médical. Accès réservé au circuit autorisé et conservation dans le dossier sécurisé.",Medicale,C4,Arrêt maladie
"Charte de confidentialité : comment nous traitons vos données personnelles collectées sur notre site web institutionnel. Conformément à la législation en vigueur, vous disposez d'un droit d'accès et de rectification.",Publique,C1,Politique de confidentialité publique
"Retrouvez notre actualité et nos communiqués officiels sur notre site internet, librement accessibles à tous.",Publique,C1,Communiqué de presse
"Rapport d'évaluation médicale - Médecin conseil : Dr. Fares Ben Youssef. Assuré : Nabil Hamdi (CIN 15303951, Tél : +216 96 468 787). Examen médical du dossier de sinistre SIN-2024802. Conclusion : hypertension artérielle, incapacité de 15 jours à valider. Soumis au secret médical strict. Accès réservé au circuit autorisé et conservation dans le dossier sécurisé.",Medicale,C4,Rapport médical médecin conseil
"Planning prévisionnel de l'équipe Souscription pour le mois en cours, à consulter par les collaborateurs concernés uniquement.",RH,C2,Planning d'équipe
Guide pratique de l'assuré : comment déclarer un sinistre en ligne et obtenir une assistance immédiate. Les étapes clés pour être remboursé rapidement.,Publique,C1,Guide assurance auto/habitation
"Charte de confidentialité : comment nous traitons vos données personnelles collectées sur notre site web institutionnel. Conformément à la législation en vigueur, vous disposez d'un droit d'accès et de rectification.",Publique,C1,Politique de confidentialité publique
Petit rappel à toute l'équipe Marketing : la salle de réunion B sera indisponible le 22/01/2026 pour travaux.,RH,C2,Note de service
"Contrat de travail établi entre COMAR Assurances et Slim Karray, affecté(e) au service R&D à Bizerte, prenant effet le 05/06/2026. CIN : 10431090. Ce document engage les deux parties.",RH,C3,Contrat de travail
"Dossier de suivi du client Fatma Bouzid, incluant ses informations de contact (Mobile: +216-79-007-963, Fixe: 94024966). Accès réservé aux collaborateurs habilités du service Logistique.",Personnelles,C3,Dossier client (données personnelles)
"Déclaration de sinistre n° SIN-2024822 — Assuré : Mohamed Jebali (CIN 05087550, Tél: (+216) 70.624.481). Police POL-651087. Montant réclamé : 7 800 TND. Dossier à traiter par le service Sinistres.",Personnelles,C3,Déclaration sinistre assurance
"Attestation bancaire établie pour Sophie Martin (CIN 05480575) : RIB 16721170254496550242, IBAN TN591106328225196429586. Document à usage exclusif du service Finance et du client concerné.",Finance,C3,Attestation bancaire (RIB tunisien)
"Planning prévisionnel de l'équipe Support client pour le mois en cours, à consulter par les collaborateurs concernés uniquement.",RH,C2,Planning d'équipe
À l'attention de l'équipe Production : merci de prendre connaissance des nouveaux horaires applicables à partir du 18/11/2026. Diffusion limitée aux collaborateurs.,RH,C2,Note de service
"Bonjour à tous, je vous propose de planifier une réunion de travail pour faire le point sur le dossier de l'assurance client de M. Ben Ali. Merci de m'indiquer vos disponibilités.",RH,C2,Invitation et planification réunion
"Mise à jour du moyen de paiement de Laura Bernard : nouvel IBAN TN595401455647311688592 enregistré dans le système, accès limité au service Finance.",Finance,C3,Coordonnées bancaires client
"Découvrez notre engagement en matière de responsabilité sociétale à Nabeul, à retrouver sur notre site web ouvert à tous les visiteurs.",Publique,C1,Page site web institutionnel
Invitation réunion d'équipe : ordre du jour concernant le planning des audits internes et le suivi du dossier client. Rendez-vous dans la salle de conférence.,RH,C2,Invitation et planification réunion
Le présent contrat lie l'entreprise à un fonds d'investissement à compter du 18/11/2026. Sa communication est réservée aux signataires et à la direction juridique.,Juridique,C3,Contrat commercial
Le présent contrat lie l'entreprise à une société concurrente à compter du 18/11/2026. Sa communication est réservée aux signataires et à la direction juridique.,Juridique,C3,Contrat commercial
"Dossier de contentieux opposant COMAR Assurances à un partenaire industriel, enjeu financier estimé à 150 000 TND. Ce dossier est couvert par le secret professionnel. Accès réservé au circuit autorisé et conservation dans le dossier sécurisé.",Juridique,C4,Litige juridique majeur
À l'attention de l'équipe Achats : merci de prendre connaissance des nouveaux horaires applicables à partir du 05/06/2026. Diffusion limitée aux collaborateurs.,RH,C2,Note de service
"Dossier médical confidentiel de Nabil Hamdi (CIN 01407670, Tél: (+216) 54.470.082). Antécédents : hypertension artérielle. Suivi à Centre médical COMAR. Accès strictement restreint au médecin conseil COMAR. Diffusion limitée aux personnes habilitées ; toute transmission externe est interdite.",Medicale,C4,Dossier médical complet
"Scénario de restructuration stratégique concernant le service Marketing. Ces éléments sont classés au plus haut niveau de sensibilité et leur divulgation prématurée est interdite. Information de niveau hautement confidentiel, soumise au secret professionnel.",Strategique,C4,Plan de restructuration
"Synthèse de l'échange hebdomadaire de l'équipe Achats, destinée uniquement aux membres présents et à leur hiérarchie directe.",RH,C2,Compte-rendu de réunion d'équipe
"Offre d'emploi ouverte à candidature : poste à pourvoir au sein de l'équipe Marketing, annonce publiée sur les plateformes de recrutement tunisiennes.",Publique,C1,Offre d'emploi publiée
Organisation des congés et astreintes du service Sinistres jusqu'au 30/09/2025.,RH,C2,Planning d'équipe
"Bulletin de salaire de Youssef Chaabane pour le mois en cours, service Achats. Montant net à payer : 48 000 TND. Document personnel ne pouvant être partagé sans consentement.",Finance,C3,Bulletin de paie
"CERTIFICAT MÉDICAL — Je soussigné(e) Dr. Fares Ben Youssef, certifie avoir examiné ce jour M./Mme Karim Ben Ali (CIN 07099648) et constate un état de santé nécessitant un repos de 30 jours. Établi à Sousse le 30/09/2025. Ce document est couvert par le secret médical. Accès réservé au circuit autorisé et conservation dans le dossier sécurisé.",Medicale,C4,Certificat médical
"Bulletin de salaire de Mohamed Jebali pour le mois en cours, service Marketing. Montant net à payer : 150 000 TND. Document personnel ne pouvant être partagé sans consentement.",Finance,C3,Bulletin de paie
"Formulaire de souscription assurance vie. Souscripteur : Emma Girard (CIN 18832257, Tél: (+216) 23.211.686). Bénéficiaire désigné en cas de décès : conjoint(e). Reçu le 05/06/2026.",Personnelles,C3,Demande de souscription contrat
Attestation CNAM — Bénéficiaire : Laura Bernard (CIN 10917089). Numéro d'affiliation : 9871989E/A/M/000. Prise en charge médicale pour burn-out professionnel. Document contenant des données de santé protégées. Diffusion limitée aux personnes habilitées ; toute transmission externe est interdite.,Medicale,C4,Attestation CNAM / mutuelle
Le présent contrat fixe les conditions d'emploi de Ahmed Trabelsi au sein du service Souscription. Sa diffusion est strictement réservée aux ressources humaines et à l'intéressé(e).,RH,C3,Contrat de travail
Appel de cotisation pour votre assurance auto n° POL-538321. Assuré : Amira Gharbi. Montant net à payer : 3 200 TND avant le 18/11/2026. Coordonnées bancaires COMAR pour virement : RIB 72746003410588287035.,Finance,C3,Avis d'échéance et appel de cotisations
"Présentation de notre mission, de nos valeurs et de notre histoire, publiée sur la page d'accueil de notre site institutionnel COMAR Assurances.",Publique,C1,Page site web institutionnel
"Tout savoir sur l'assurance habitation : garanties obligatoires, franchises et options disponibles pour protéger votre logement et votre famille.",Publique,C1,Guide assurance auto/habitation
"Retrouvez notre actualité et nos communiqués officiels sur notre site internet, librement accessibles à tous.",Publique,C1,Communiqué de presse
"Dossier de contentieux opposant COMAR Assurances à une société concurrente, enjeu financier estimé à 150 000 TND. Ce dossier est couvert par le secret professionnel. Accès réservé au circuit autorisé et conservation dans le dossier sécurisé.",Juridique,C4,Litige juridique majeur
"Relevé de facturation du client Julie Dupont, montant total 1 850 TND, à traiter exclusivement par le service comptabilité.",Finance,C3,Facture client
"Conditions particulières du contrat d'assurance auto n° POL-503607 souscrit par Julie Dupont (CIN 10466101, Tél: (+216) 22.619.581). Date d'effet : 30/09/2025. Garanties : Responsabilité Civile, Vol et Incendie.",Personnelles,C3,Conditions particulières de police
"Rapport d'expertise médicale confidentiel rédigé par Dr. Henda Trabelsi, médecin conseil de COMAR Assurances. Suite à l'examen de l'assuré Fatma Bouzid (CIN 19276611) après son accident du 18/11/2026. Diagnostic : burn-out professionnel entraînant une incapacité permanente partielle. Destiné exclusivement au service médical. Accès réservé au circuit autorisé et conservation dans le dossier sécurisé.",Medicale,C4,Rapport médical médecin conseil
"Conditions particulières du contrat d'assurance auto n° POL-150988 souscrit par Fatma Bouzid (CIN 18177292, Tél: +216 72 783 636). Date d'effet : 05/06/2026. Garanties : Responsabilité Civile, Vol et Incendie.",Personnelles,C3,Conditions particulières de police
"Relevé de facturation du client Laura Bernard, montant total 150 000 TND, à traiter exclusivement par le service comptabilité.",Finance,C3,Facture client
"Charte de confidentialité : comment nous traitons vos données personnelles collectées sur notre site web institutionnel. Conformément à la législation en vigueur, vous disposez d'un droit d'accès et de rectification.",Publique,C1,Politique de confidentialité publique
"Attestation médicale — Patient : Slim Karray, CIN 16084674, Tél: (+216) 22.724.801. Consultation du 12/03/2026 à Clinique El Amen. Motif : fracture du poignet. Ne pas diffuser en dehors du circuit médical autorisé. Toute copie, impression ou diffusion nécessite une validation préalable.",Medicale,C4,Certificat médical
"Attestation bancaire établie pour Laura Bernard (CIN 02213387) : RIB 51288956383676657031, IBAN TN599202517475294977565. Document à usage exclusif du service Finance et du client concerné.",Finance,C3,Attestation bancaire (RIB tunisien)
Devis d'assurance habitation n° POL-978570 établi pour Sophie Martin (CIN 09227166). Cotisation annuelle : 1 850 TND pour une couverture multirisque à Monastir.,Finance,C3,Devis et simulation assurance
Appel de cotisation pour votre assurance auto n° POL-808326. Assuré : Karim Ben Ali. Montant net à payer : 22 900 TND avant le 18/11/2026. Coordonnées bancaires COMAR pour virement : RIB 00853809420796199097.,Finance,C3,Avis d'échéance et appel de cotisations
"Demande d'adhésion au contrat d'assurance groupe COMAR. Adhérent : Nabil Hamdi, résidant à Nabeul. CIN : 03065117, Tél : +216 76 825 152. Signature requise pour finaliser la souscription.",Personnelles,C3,Demande de souscription contrat
"Bulletin de salaire de Youssef Chaabane pour le mois en cours, service Support client. Montant net à payer : 48 000 TND. Document personnel ne pouvant être partagé sans consentement.",Finance,C3,Bulletin de paie
Appel de cotisation pour votre assurance auto n° POL-824584. Assuré : Julie Dupont. Montant net à payer : 48 000 TND avant le 22/01/2026. Coordonnées bancaires COMAR pour virement : RIB 38817683532478110162.,Finance,C3,Avis d'échéance et appel de cotisations
"Projet d'acquisition en cours de négociation avec une société concurrente, montant envisagé 12 500 TND. Ce dossier ne doit être consulté que par les membres du comité exécutif jusqu'à son annonce officielle. Toute copie, impression ou diffusion nécessite une validation préalable.",Strategique,C4,Plan de fusion-acquisition
"Formulaire de souscription assurance vie. Souscripteur : Julie Dupont (CIN 18685922, Tél: (+216) 29.200.659). Bénéficiaire désigné en cas de décès : conjoint(e). Reçu le 30/09/2025.",Personnelles,C3,Demande de souscription contrat
"Simulation de tarif pour une assurance auto COMAR. Client : Emma Girard. Véhicule de tourisme, usage privé. Montant de la cotisation annuelle estimé à 22 900 TND. Valable 30 jours.",Finance,C3,Devis et simulation assurance
"Dossier de contentieux opposant COMAR Assurances à un partenaire industriel, enjeu financier estimé à 1 850 TND. Ce dossier est couvert par le secret professionnel. Information de niveau hautement confidentiel, soumise au secret professionnel.",Juridique,C4,Litige juridique majeur
"Planning prévisionnel de l'équipe Logistique pour le mois en cours, à consulter par les collaborateurs concernés uniquement.",RH,C2,Planning d'équipe
Nous recrutons un(e) chargé(e) de projet pour rejoindre notre service Marketing à Tunis. Candidature à envoyer via notre site carrière.,Publique,C1,Offre d'emploi publiée
Appel de cotisation pour votre assurance auto n° POL-663348. Assuré : Fatma Bouzid. Montant net à payer : 12 500 TND avant le 05/06/2026. Coordonnées bancaires COMAR pour virement : RIB 75716954023134268396.,Finance,C3,Avis d'échéance et appel de cotisations
"Planning prévisionnel de l'équipe Support client pour le mois en cours, à consulter par les collaborateurs concernés uniquement.",RH,C2,Planning d'équipe
"Découvrez notre engagement en matière de responsabilité sociétale à Tunis, à retrouver sur notre site web ouvert à tous les visiteurs.",Publique,C1,Page site web institutionnel
"TEMPLATE DE CERTIFICAT MEDICAL D'APTITUDE
Je soussigné Dr [Nom du médecin] certifie que M./Mme [Nom du patient] ... 
Diagnostic : [________________]
Signature et cachet du médecin :",Publique,C1,Modèle de document vierge
"TEMPLATE DE CERTIFICAT MEDICAL D'APTITUDE
Je soussigné Dr [Nom du médecin] certifie que M./Mme [Nom du patient] ... 
Diagnostic : [________________]
Signature et cachet du médecin :",Publique,C1,Modèle de document vierge
"Découvrez notre engagement en matière de responsabilité sociétale à Gabès, à retrouver sur notre site web ouvert à tous les visiteurs.",Publique,C1,Page site web institutionnel
"Procédure judiciaire en cours concernant un différend avec un partenaire industriel. Les pièces de ce dossier ne peuvent être communiquées qu'aux avocats mandatés et à la direction générale. Information de niveau hautement confidentiel, soumise au secret professionnel.",Juridique,C4,Litige juridique majeur
"Mode opératoire interne applicable au sein de l'équipe Logistique, non destiné à être communiqué à des tiers.",RH,C2,Procédure interne
"Bonjour à tous, je vous propose de planifier une réunion de travail pour faire le point sur le dossier de l'assurance client de M. Ben Ali. Merci de m'indiquer vos disponibilités.",RH,C2,Invitation et planification réunion
"CERTIFICAT MÉDICAL — Je soussigné(e) Dr. Sami Mejri, certifie avoir examiné ce jour M./Mme Ahmed Trabelsi (CIN 14883826) et constate un état de santé nécessitant un repos de 30 jours. Établi à Sousse le 18/11/2026. Ce document est couvert par le secret médical. Accès réservé au circuit autorisé et conservation dans le dossier sécurisé.",Medicale,C4,Certificat médical
"Simulation de tarif pour une assurance auto COMAR. Client : Emma Girard. Véhicule de tourisme, usage privé. Montant de la cotisation annuelle estimé à 150 000 TND. Valable 30 jours.",Finance,C3,Devis et simulation assurance
"Relevé d'identité bancaire COMAR : titulaire Mohamed Jebali, banque STB, RIB 74821517507963132404, IBAN TN598907621779429210172. Ne pas transmettre par messagerie non sécurisée.",Finance,C3,Attestation bancaire (RIB tunisien)
"Communiqué de presse du 30/09/2025 : COMAR Assurances annonce le lancement de sa nouvelle gamme de produits, disponible dès aujourd'hui pour le grand public tunisien.",Publique,C1,Communiqué de presse
"Fiche client COMAR : Julie Dupont (CIN 06742860, Tunis, Tél: +216 25 767 873). Police n° POL-317975. Ce dossier contient des données sensibles assurantielles.",Personnelles,C3,Dossier client (données personnelles)
Facture n° 2026-12/03/2026 émise au nom de Emma Girard pour un montant de 3 200 TND. Coordonnées de paiement : IBAN TN596309924161195406278.,Finance,C3,Facture client
Attestation CNAM — Bénéficiaire : Amira Gharbi (CIN 15908483). Numéro d'affiliation : 4612696B/P/M/000. Prise en charge médicale pour burn-out professionnel. Document contenant des données de santé protégées. Diffusion limitée aux personnes habilitées ; toute transmission externe est interdite.,Medicale,C4,Attestation CNAM / mutuelle
"Tout savoir sur l'assurance habitation : garanties obligatoires, franchises et options disponibles pour protéger votre logement et votre famille.",Publique,C1,Guide assurance auto/habitation
"Récapitulatif de rémunération de Emma Girard : 12 500 TND, à conserver dans le dossier du salarié, accès restreint au service RH.",Finance,C3,Bulletin de paie
"Fiche de prélèvement bancaire COMAR : Client Youssef Chaabane, IBAN TN591908890609175075192, CIN 00204871, Tél: (+216) 21.365.347.",Finance,C3,Coordonnées bancaires client
"Éléments stratégiques relatifs au rapprochement avec un partenaire industriel, prévu pour le 22/01/2026. Toute fuite d'information avant l'annonce officielle exposerait l'entreprise à un risque financier majeur. Diffusion limitée aux personnes habilitées ; toute transmission externe est interdite.",Strategique,C4,Plan de fusion-acquisition
Procédure judiciaire en cours concernant un différend avec une société concurrente. Les pièces de ce dossier ne peuvent être communiquées qu'aux avocats mandatés et à la direction générale. Diffusion limitée aux personnes habilitées ; toute transmission externe est interdite.,Juridique,C4,Litige juridique majeur
"Charte de confidentialité : comment nous traitons vos données personnelles collectées sur notre site web institutionnel. Conformément à la législation en vigueur, vous disposez d'un droit d'accès et de rectification.",Publique,C1,Politique de confidentialité publique
"Récapitulatif de rémunération de Slim Karray : 12 500 TND, à conserver dans le dossier du salarié, accès restreint au service RH.",Finance,C3,Bulletin de paie
Devis d'assurance habitation n° POL-111931 établi pour Julie Dupont (CIN 04790447). Cotisation annuelle : 22 900 TND pour une couverture multirisque à La Marsa.,Finance,C3,Devis et simulation assurance
"COMAR Santé : Pour votre bien-être, adoptez une alimentation équilibrée et pratiquez une activité physique régulière. Pour toute question médicale, consultez votre médecin traitant.",Publique,C1,Conseils prévention et santé
"Conditions particulières du contrat d'assurance auto n° POL-511632 souscrit par Sophie Martin (CIN 02321399, Tél: (+216) 28.858.142). Date d'effet : 22/01/2026. Garanties : Responsabilité Civile, Vol et Incendie.",Personnelles,C3,Conditions particulières de police
"Contrat de travail établi entre COMAR Assurances et Mohamed Jebali, affecté(e) au service Support client à Gabès, prenant effet le 22/01/2026. CIN : 02402393. Ce document engage les deux parties.",RH,C3,Contrat de travail
"Communiqué financier : COMAR Assurances affiche des résultats solides pour l'exercice écoulé, avec une hausse du chiffre d'affaires global et de nombreux nouveaux contrats signés à Tunis.",Publique,C1,Actualités financières COMAR
"Fiche client de Sophie Martin : coordonnées personnelles, historique d'achats et préférences. CIN 05035623, Tél: +216 78 246 456. Données soumises au RGPD et à la loi tunisienne sur la protection des données.",Personnelles,C3,Dossier client (données personnelles)
"Éléments stratégiques relatifs au rapprochement avec un groupe international, prévu pour le 12/03/2026. Toute fuite d'information avant l'annonce officielle exposerait l'entreprise à un risque financier majeur. Diffusion limitée aux personnes habilitées ; toute transmission externe est interdite.",Strategique,C4,Plan de fusion-acquisition
"Charte de confidentialité : comment nous traitons vos données personnelles collectées sur notre site web institutionnel. Conformément à la législation en vigueur, vous disposez d'un droit d'accès et de rectification.",Publique,C1,Politique de confidentialité publique
"Formulaire de souscription assurance vie. Souscripteur : Ahmed Trabelsi (CIN 11426562, Tél: +216-77-160-464). Bénéficiaire désigné en cas de décès : conjoint(e). Reçu le 22/01/2026.",Personnelles,C3,Demande de souscription contrat
"Mode opératoire interne applicable au sein de l'équipe Production, non destiné à être communiqué à des tiers.",RH,C2,Procédure interne
Le présent contrat lie l'entreprise à une société concurrente à compter du 30/09/2025. Sa communication est réservée aux signataires et à la direction juridique.,Juridique,C3,Contrat commercial
"Rapport d'expertise médicale confidentiel rédigé par Dr. Henda Trabelsi, médecin conseil de COMAR Assurances. Suite à l'examen de l'assuré Slim Karray (CIN 04653072) après son accident du 12/03/2026. Diagnostic : fracture du poignet entraînant une incapacité permanente partielle. Destiné exclusivement au service médical. Accès réservé au circuit autorisé et conservation dans le dossier sécurisé.",Medicale,C4,Rapport médical médecin conseil
"Relevé de facturation du client Ahmed Trabelsi, montant total 3 200 TND, à traiter exclusivement par le service comptabilité.",Finance,C3,Facture client
"Tout savoir sur l'assurance habitation : garanties obligatoires, franchises et options disponibles pour protéger votre logement et votre famille.",Publique,C1,Guide assurance auto/habitation
"Demande d'adhésion au contrat d'assurance groupe COMAR. Adhérent : Sophie Martin, résidant à La Marsa. CIN : 05742368, Tél : (+216) 52.780.371. Signature requise pour finaliser la souscription.",Personnelles,C3,Demande de souscription contrat
"Communiqué de presse du 18/11/2026 : COMAR Assurances annonce le lancement de sa nouvelle gamme de produits, disponible dès aujourd'hui pour le grand public tunisien.",Publique,C1,Communiqué de presse
Note interne du 18/11/2026 concernant l'organisation du service Logistique pour le trimestre à venir. Ne pas transmettre en dehors de l'entreprise.,RH,C2,Note de service
"Conditions particulières du contrat d'assurance auto n° POL-167332 souscrit par Ahmed Trabelsi (CIN 07991493, Tél: +216 91 191 045). Date d'effet : 12/03/2026. Garanties : Responsabilité Civile, Vol et Incendie.",Personnelles,C3,Conditions particulières de police
"Éléments stratégiques relatifs au rapprochement avec un fonds d'investissement, prévu pour le 18/11/2026. Toute fuite d'information avant l'annonce officielle exposerait l'entreprise à un risque financier majeur. Toute copie, impression ou diffusion nécessite une validation préalable.",Strategique,C4,Plan de fusion-acquisition
"Enregistrement des coordonnées bancaires du client Amira Gharbi (CIN 17246497) : IBAN TN595902041552823016430, RIB 32977444332945786740. Ces informations financières ne doivent en aucun cas être communiquées à un tiers non autorisé.",Finance,C3,Coordonnées bancaires client
"Planning prévisionnel de l'équipe Logistique pour le mois en cours, à consulter par les collaborateurs concernés uniquement.",RH,C2,Planning d'équipe
"Offre d'emploi ouverte à candidature : poste à pourvoir au sein de l'équipe Sinistres, annonce publiée sur les plateformes de recrutement tunisiennes.",Publique,C1,Offre d'emploi publiée
"Attestation bancaire établie pour Julie Dupont (CIN 07050674) : RIB 18236372511298031026, IBAN TN597308471845816302129. Document à usage exclusif du service Finance et du client concerné.",Finance,C3,Attestation bancaire (RIB tunisien)
"Conditions particulières du contrat d'assurance auto n° POL-469763 souscrit par Nabil Hamdi (CIN 16673906, Tél: (+216) 22.727.723). Date d'effet : 05/06/2026. Garanties : Responsabilité Civile, Vol et Incendie.",Personnelles,C3,Conditions particulières de police
"Relevé d'identité bancaire COMAR : titulaire Mohamed Jebali, banque STB, RIB 99599023442381622664, IBAN TN592606688545536377665. Ne pas transmettre par messagerie non sécurisée.",Finance,C3,Attestation bancaire (RIB tunisien)
"Mode opératoire interne applicable au sein de l'équipe Souscription, non destiné à être communiqué à des tiers.",RH,C2,Procédure interne
"Conditions particulières du contrat d'assurance auto n° POL-226065 souscrit par Youssef Chaabane (CIN 10947864, Tél: +216 24 638 828). Date d'effet : 22/01/2026. Garanties : Responsabilité Civile, Vol et Incendie.",Personnelles,C3,Conditions particulières de police
"Plan de réorganisation du service R&D, prévu pour le 30/09/2025, impliquant une révision des effectifs. Document réservé au comité de direction. Accès réservé au circuit autorisé et conservation dans le dossier sécurisé.",Strategique,C4,Plan de restructuration
"Récapitulatif de rémunération de Laura Bernard : 7 800 TND, à conserver dans le dossier du salarié, accès restreint au service RH.",Finance,C3,Bulletin de paie
"Procédure de fonctionnement du service Production : étapes à suivre pour le traitement des demandes courantes, réservée au personnel de l'entreprise.",RH,C2,Procédure interne
Organisation des congés et astreintes du service Sinistres jusqu'au 30/09/2025.,RH,C2,Planning d'équipe
"Relevé d'identité bancaire COMAR : titulaire Sophie Martin, banque STB, RIB 80867522624915289328, IBAN TN599807921650181757601. Ne pas transmettre par messagerie non sécurisée.",Finance,C3,Attestation bancaire (RIB tunisien)
"Relevé d'identité bancaire COMAR : titulaire Youssef Chaabane, banque STB, RIB 51495149558387368072, IBAN TN599103417810907195714. Ne pas transmettre par messagerie non sécurisée.",Finance,C3,Attestation bancaire (RIB tunisien)
"ORDONNANCE — Dr. Sami Mejri, Polyclinique Les Berges du Lac, Gabès. Patient : Ahmed Trabelsi (CIN 14611795). Prescription médicale pour hypertension artérielle. Document de santé protégé par le secret médical. Accès réservé au circuit autorisé et conservation dans le dossier sécurisé.",Medicale,C4,Ordonnance médicale
"Fiche client COMAR : Mohamed Jebali (CIN 15252888, Ariana, Tél: +216-75-465-089). Police n° POL-724901. Ce dossier contient des données sensibles assurantielles.",Personnelles,C3,Dossier client (données personnelles)
"Offre d'emploi ouverte à candidature : poste à pourvoir au sein de l'équipe Achats, annonce publiée sur les plateformes de recrutement tunisiennes.",Publique,C1,Offre d'emploi publiée
"Rémunération globale du dirigeant Julie Dupont pour l'exercice en cours : 22 900 TND. Cette information est réservée aux membres du conseil d'administration. Information de niveau hautement confidentiel, soumise au secret professionnel.",Finance,C4,Rémunération dirigeant
"Certificat d'arrêt de travail de Emma Girard, établi par Dr. Fares Ben Youssef le 30/09/2025. Incapacité temporaire de 10 jours. Document couvert par le secret médical, accès restreint au médecin du travail COMAR. Information de niveau hautement confidentiel, soumise au secret professionnel.",Medicale,C4,Arrêt maladie
Invitation réunion d'équipe : ordre du jour concernant le planning des audits internes et le suivi du dossier client. Rendez-vous dans la salle de conférence.,RH,C2,Invitation et planification réunion
"Demande d'adhésion au contrat d'assurance groupe COMAR. Adhérent : Youssef Chaabane, résidant à Gabès. CIN : 10850749, Tél : +216-25-139-282. Signature requise pour finaliser la souscription.",Personnelles,C3,Demande de souscription contrat
"TEMPLATE DE CERTIFICAT MEDICAL D'APTITUDE
Je soussigné Dr [Nom du médecin] certifie que M./Mme [Nom du patient] ... 
Diagnostic : [________________]
Signature et cachet du médecin :",Publique,C1,Modèle de document vierge
"Projet d'acquisition en cours de négociation avec un groupe international, montant envisagé 7 800 TND. Ce dossier ne doit être consulté que par les membres du comité exécutif jusqu'à son annonce officielle. Accès réservé au circuit autorisé et conservation dans le dossier sécurisé.",Strategique,C4,Plan de fusion-acquisition
"Relevé de facturation du client Sophie Martin, montant total 7 800 TND, à traiter exclusivement par le service comptabilité.",Finance,C3,Facture client
L'entreprise a le plaisir d'informer l'ensemble de ses parties prenantes et du public du succès de son événement annuel organisé à Nabeul le 12/03/2026.,Publique,C1,Communiqué de presse
"Synthèse de l'échange hebdomadaire de l'équipe Support client, destinée uniquement aux membres présents et à leur hiérarchie directe.",RH,C2,Compte-rendu de réunion d'équipe
Guide de santé publique : comment prévenir les maladies saisonnières. Des conseils simples pour renforcer votre système immunitaire cet hiver.,Publique,C1,Conseils prévention et santé
"Relevé de facturation du client Nabil Hamdi, montant total 22 900 TND, à traiter exclusivement par le service comptabilité.",Finance,C3,Facture client
"Attestation CNAM — Bénéficiaire : Julie Dupont (CIN 05773175). Numéro d'affiliation : 4701218M/A/N/000. Prise en charge médicale pour burn-out professionnel. Document contenant des données de santé protégées. Information de niveau hautement confidentiel, soumise au secret professionnel.",Medicale,C4,Attestation CNAM / mutuelle
"Compte-rendu médical concernant Fatma Bouzid (CIN 15003190), établi le 12/03/2026 par Dr. Fares Ben Youssef. Ce document relève du secret médical et ne peut être consulté que par le personnel de santé autorisé. Toute copie, impression ou diffusion nécessite une validation préalable.",Medicale,C4,Dossier médical complet
"Planning prévisionnel de l'équipe Sinistres pour le mois en cours, à consulter par les collaborateurs concernés uniquement.",RH,C2,Planning d'équipe
"Bonjour à tous, je vous propose de planifier une réunion de travail pour faire le point sur le dossier de l'assurance client de M. Ben Ali. Merci de m'indiquer vos disponibilités.",RH,C2,Invitation et planification réunion
"Arrêt de travail médical — Emma Girard (CIN 02586998, Matricule 6214914M/P/M/000). Durée : 5 jours à compter du 30/09/2025. Motif : fracture du poignet. À transmettre uniquement au service RH dans le respect du secret médical. Toute copie, impression ou diffusion nécessite une validation préalable.",Medicale,C4,Arrêt maladie
"ORDONNANCE — Dr. Sami Mejri, Clinique El Amen, Tunis. Patient : Mohamed Jebali (CIN 18808596). Prescription médicale pour fracture du poignet. Document de santé protégé par le secret médical. Accès réservé au circuit autorisé et conservation dans le dossier sécurisé.",Medicale,C4,Ordonnance médicale
"Simulation de tarif pour une assurance auto COMAR. Client : Ahmed Trabelsi. Véhicule de tourisme, usage privé. Montant de la cotisation annuelle estimé à 1 850 TND. Valable 30 jours.",Finance,C3,Devis et simulation assurance
Appel de cotisation pour votre assurance auto n° POL-543532. Assuré : Youssef Chaabane. Montant net à payer : 7 800 TND avant le 12/03/2026. Coordonnées bancaires COMAR pour virement : RIB 34402755470142950336.,Finance,C3,Avis d'échéance et appel de cotisations
"Offre d'emploi ouverte à candidature : poste à pourvoir au sein de l'équipe Production, annonce publiée sur les plateformes de recrutement tunisiennes.",Publique,C1,Offre d'emploi publiée
Relevé de remboursement mutuelle pour Emma Girard (CIN 18688238). Montant remboursé : 48 000 TND. Acte médical : fracture du poignet. Données de santé couvertes par le secret médical. Diffusion limitée aux personnes habilitées ; toute transmission externe est interdite.,Medicale,C4,Attestation CNAM / mutuelle
Facture n° 2026-18/11/2026 émise au nom de Slim Karray pour un montant de 12 500 TND. Coordonnées de paiement : IBAN TN596008099371519317844.,Finance,C3,Facture client
Avis d'échéance COMAR Assurances. Client : Julie Dupont. Police n° POL-552067. Cotisation due pour la période du 30/09/2025 : 7 800 TND. À régler par prélèvement sur votre compte IBAN TN590501820808617808713.,Finance,C3,Avis d'échéance et appel de cotisations
Appel de cotisation pour votre assurance auto n° POL-417783. Assuré : Mohamed Jebali. Montant net à payer : 7 800 TND avant le 12/03/2026. Coordonnées bancaires COMAR pour virement : RIB 31961725882844271804.,Finance,C3,Avis d'échéance et appel de cotisations
"Rémunération globale du dirigeant Amira Gharbi pour l'exercice en cours : 150 000 TND. Cette information est réservée aux membres du conseil d'administration. Toute copie, impression ou diffusion nécessite une validation préalable.",Finance,C4,Rémunération dirigeant
"Présentation de notre mission, de nos valeurs et de notre histoire, publiée sur la page d'accueil de notre site institutionnel COMAR Assurances.",Publique,C1,Page site web institutionnel
Guide de santé publique : comment prévenir les maladies saisonnières. Des conseils simples pour renforcer votre système immunitaire cet hiver.,Publique,C1,Conseils prévention et santé
"Mode opératoire interne applicable au sein de l'équipe Souscription, non destiné à être communiqué à des tiers.",RH,C2,Procédure interne
"Dossier médical confidentiel de Amira Gharbi (CIN 04940664, Tél: (+216) 59.651.571). Antécédents : fracture du poignet. Suivi à Hôpital Charles Nicolle. Accès strictement restreint au médecin conseil COMAR. Accès réservé au circuit autorisé et conservation dans le dossier sécurisé.",Medicale,C4,Dossier médical complet
Facture n° 2026-12/03/2026 émise au nom de Nabil Hamdi pour un montant de 1 850 TND. Coordonnées de paiement : IBAN TN592506374484555766335.,Finance,C3,Facture client
"Procédure judiciaire en cours concernant un différend avec une société concurrente. Les pièces de ce dossier ne peuvent être communiquées qu'aux avocats mandatés et à la direction générale. Information de niveau hautement confidentiel, soumise au secret professionnel.",Juridique,C4,Litige juridique majeur
"Arrêt de travail médical — Amira Gharbi (CIN 00771967, Matricule 5470861R/P/N/000). Durée : 10 jours à compter du 22/01/2026. Motif : fracture du poignet. À transmettre uniquement au service RH dans le respect du secret médical. Accès réservé au circuit autorisé et conservation dans le dossier sécurisé.",Medicale,C4,Arrêt maladie
"Retrouvez notre actualité et nos communiqués officiels sur notre site internet, librement accessibles à tous.",Publique,C1,Communiqué de presse
"Plan de réorganisation du service Marketing, prévu pour le 30/09/2025, impliquant une révision des effectifs. Document réservé au comité de direction. Accès réservé au circuit autorisé et conservation dans le dossier sécurisé.",Strategique,C4,Plan de restructuration
"Dossier médical confidentiel de Karim Ben Ali (CIN 10341760, Tél: +216-99-713-777). Antécédents : fracture du poignet. Suivi à Clinique El Amen. Accès strictement restreint au médecin conseil COMAR. Toute copie, impression ou diffusion nécessite une validation préalable.",Medicale,C4,Dossier médical complet
"COMAR Assurances annonce des performances financières stables pour ce semestre, consolidant sa position de leader sur le marché tunisien avec un montant net d'investissements record.",Publique,C1,Actualités financières COMAR
"Relevé de facturation du client Karim Ben Ali, montant total 12 500 TND, à traiter exclusivement par le service comptabilité.",Finance,C3,Facture client
"Demande d'adhésion au contrat d'assurance groupe COMAR. Adhérent : Ahmed Trabelsi, résidant à Nabeul. CIN : 11088344, Tél : +21656253742. Signature requise pour finaliser la souscription.",Personnelles,C3,Demande de souscription contrat
"Compte-rendu médical concernant Sophie Martin (CIN 11138351), établi le 30/09/2025 par Dr. Henda Trabelsi. Ce document relève du secret médical et ne peut être consulté que par le personnel de santé autorisé. Accès réservé au circuit autorisé et conservation dans le dossier sécurisé.",Medicale,C4,Dossier médical complet
L'entreprise a le plaisir d'informer l'ensemble de ses parties prenantes et du public du succès de son événement annuel organisé à Sousse le 22/01/2026.,Publique,C1,Communiqué de presse
"Relevé de facturation du client Emma Girard, montant total 12 500 TND, à traiter exclusivement par le service comptabilité.",Finance,C3,Facture client
"Package de rémunération du comité exécutif, Mohamed Jebali inclus, montant total 150 000 TND. Diffusion strictement limitée à la direction générale. Toute copie, impression ou diffusion nécessite une validation préalable.",Finance,C4,Rémunération dirigeant
"Mode opératoire interne applicable au sein de l'équipe Logistique, non destiné à être communiqué à des tiers.",RH,C2,Procédure interne
"Contrat de travail établi entre COMAR Assurances et Amira Gharbi, affecté(e) au service Support client à Gabès, prenant effet le 18/11/2026. CIN : 11330591. Ce document engage les deux parties.",RH,C3,Contrat de travail
"Procédure de fonctionnement du service Logistique : étapes à suivre pour le traitement des demandes courantes, réservée au personnel de l'entreprise.",RH,C2,Procédure interne
"Récapitulatif de rémunération de Karim Ben Ali : 22 900 TND, à conserver dans le dossier du salarié, accès restreint au service RH.",Finance,C3,Bulletin de paie
"Relevé de facturation du client Fatma Bouzid, montant total 3 200 TND, à traiter exclusivement par le service comptabilité.",Finance,C3,Facture client
Guide de santé publique : comment prévenir les maladies saisonnières. Des conseils simples pour renforcer votre système immunitaire cet hiver.,Publique,C1,Conseils prévention et santé
Le présent contrat fixe les conditions d'emploi de Nabil Hamdi au sein du service Support client. Sa diffusion est strictement réservée aux ressources humaines et à l'intéressé(e).,RH,C3,Contrat de travail
Politique de confidentialité et cookies de COMAR Assurances. Nous attachons une grande importance à la protection de vos données personnelles et au respect du RGPD.,Publique,C1,Politique de confidentialité publique
"Rapport d'évaluation médicale - Médecin conseil : Dr. Leila Hammami. Assuré : Karim Ben Ali (CIN 19170580, Tél : +216 53 071 460). Examen médical du dossier de sinistre SIN-2024258. Conclusion : fracture du poignet, incapacité de 3 jours à valider. Soumis au secret médical strict. Diffusion limitée aux personnes habilitées ; toute transmission externe est interdite.",Medicale,C4,Rapport médical médecin conseil
"Mode opératoire interne applicable au sein de l'équipe Logistique, non destiné à être communiqué à des tiers.",RH,C2,Procédure interne
"Compte-rendu médical concernant Sophie Martin (CIN 06716299), établi le 22/01/2026 par Dr. Leila Hammami. Ce document relève du secret médical et ne peut être consulté que par le personnel de santé autorisé. Toute copie, impression ou diffusion nécessite une validation préalable.",Medicale,C4,Dossier médical complet
"Rapport d'évaluation médicale - Médecin conseil : Dr. Sami Mejri. Assuré : Youssef Chaabane (CIN 17395800, Tél : (+216) 94.174.411). Examen médical du dossier de sinistre SIN-2025661. Conclusion : grippe saisonnière, incapacité de 5 jours à valider. Soumis au secret médical strict. Diffusion limitée aux personnes habilitées ; toute transmission externe est interdite.",Medicale,C4,Rapport médical médecin conseil
"Procédure de fonctionnement du service R&D : étapes à suivre pour le traitement des demandes courantes, réservée au personnel de l'entreprise.",RH,C2,Procédure interne
"Découvrez notre engagement en matière de responsabilité sociétale à La Marsa, à retrouver sur notre site web ouvert à tous les visiteurs.",Publique,C1,Page site web institutionnel
"Bulletin de salaire de Ahmed Trabelsi pour le mois en cours, service Support client. Montant net à payer : 22 900 TND. Document personnel ne pouvant être partagé sans consentement.",Finance,C3,Bulletin de paie
"Simulation de tarif pour une assurance auto COMAR. Client : Emma Girard. Véhicule de tourisme, usage privé. Montant de la cotisation annuelle estimé à 12 500 TND. Valable 30 jours.",Finance,C3,Devis et simulation assurance
"Formulaire de souscription assurance vie. Souscripteur : Sophie Martin (CIN 01187816, Tél: +21629698773). Bénéficiaire désigné en cas de décès : conjoint(e). Reçu le 30/09/2025.",Personnelles,C3,Demande de souscription contrat
Organisation des congés et astreintes du service R&D jusqu'au 18/11/2026.,RH,C2,Planning d'équipe
"Compte-rendu médical concernant Ahmed Trabelsi (CIN 04530073), établi le 05/06/2026 par Dr. Sami Mejri. Ce document relève du secret médical et ne peut être consulté que par le personnel de santé autorisé. Diffusion limitée aux personnes habilitées ; toute transmission externe est interdite.",Medicale,C4,Dossier médical complet
"Fiche client COMAR : Fatma Bouzid (CIN 19522875, Ariana, Tél: +216 25 209 018). Police n° POL-401078. Ce dossier contient des données sensibles assurantielles.",Personnelles,C3,Dossier client (données personnelles)
"MODÈLE DE FICHE CLIENT VIERGE - COMAR ASSURANCES
Nom de l'assuré : [Insérer Nom]
CIN : [__ __ __ __ __ __ __ __]
Téléphone : [Insérer Numéro]
Adresse : [Insérer Ville]
Numéro de police : POL-xxxxxx
Numéro de sinistre : SIN-xxxxxxx",Publique,C1,Modèle de document vierge
Devis d'assurance habitation n° POL-520429 établi pour Emma Girard (CIN 04856432). Cotisation annuelle : 22 900 TND pour une couverture multirisque à Sfax.,Finance,C3,Devis et simulation assurance
"Rapport d'expertise médicale confidentiel rédigé par Dr. Sami Mejri, médecin conseil de COMAR Assurances. Suite à l'examen de l'assuré Julie Dupont (CIN 19004181) après son accident du 05/06/2026. Diagnostic : fracture du poignet entraînant une incapacité permanente partielle. Destiné exclusivement au service médical. Information de niveau hautement confidentiel, soumise au secret professionnel.",Medicale,C4,Rapport médical médecin conseil
Guide pratique de l'assuré : comment déclarer un sinistre en ligne et obtenir une assistance immédiate. Les étapes clés pour être remboursé rapidement.,Publique,C1,Guide assurance auto/habitation
"Rapport d'expertise médicale confidentiel rédigé par Dr. Sami Mejri, médecin conseil de COMAR Assurances. Suite à l'examen de l'assuré Amira Gharbi (CIN 07873621) après son accident du 05/06/2026. Diagnostic : grippe saisonnière entraînant une incapacité permanente partielle. Destiné exclusivement au service médical. Accès réservé au circuit autorisé et conservation dans le dossier sécurisé.",Medicale,C4,Rapport médical médecin conseil
Appel de cotisation pour votre assurance auto n° POL-705398. Assuré : Slim Karray. Montant net à payer : 12 500 TND avant le 22/01/2026. Coordonnées bancaires COMAR pour virement : RIB 54838686123587905073.,Finance,C3,Avis d'échéance et appel de cotisations
"MODÈLE DE FICHE CLIENT VIERGE - COMAR ASSURANCES
Nom de l'assuré : [Insérer Nom]
CIN : [__ __ __ __ __ __ __ __]
Téléphone : [Insérer Numéro]
Adresse : [Insérer Ville]
Numéro de police : POL-xxxxxx
Numéro de sinistre : SIN-xxxxxxx",Publique,C1,Modèle de document vierge
"Attestation CNAM — Bénéficiaire : Karim Ben Ali (CIN 13559971). Numéro d'affiliation : 1991208Z/A/M/000. Prise en charge médicale pour hypertension artérielle. Document contenant des données de santé protégées. Toute copie, impression ou diffusion nécessite une validation préalable.",Medicale,C4,Attestation CNAM / mutuelle
"Fiche de prélèvement bancaire COMAR : Client Amira Gharbi, IBAN TN592007248611562306780, CIN 04874856, Tél: (+216) 51.378.861.",Finance,C3,Coordonnées bancaires client
"Scénario de restructuration stratégique concernant le service Achats. Ces éléments sont classés au plus haut niveau de sensibilité et leur divulgation prématurée est interdite. Information de niveau hautement confidentiel, soumise au secret professionnel.",Strategique,C4,Plan de restructuration
"Communiqué de presse du 18/11/2026 : COMAR Assurances annonce le lancement de sa nouvelle gamme de produits, disponible dès aujourd'hui pour le grand public tunisien.",Publique,C1,Communiqué de presse
"Relevé de remboursement mutuelle pour Mohamed Jebali (CIN 09550552). Montant remboursé : 48 000 TND. Acte médical : grippe saisonnière. Données de santé couvertes par le secret médical. Information de niveau hautement confidentiel, soumise au secret professionnel.",Medicale,C4,Attestation CNAM / mutuelle
Le présent contrat fixe les conditions d'emploi de Julie Dupont au sein du service Production. Sa diffusion est strictement réservée aux ressources humaines et à l'intéressé(e).,RH,C3,Contrat de travail
Devis d'assurance habitation n° POL-527857 établi pour Amira Gharbi (CIN 07445454). Cotisation annuelle : 3 200 TND pour une couverture multirisque à Ariana.,Finance,C3,Devis et simulation assurance
"Compte-rendu médical concernant Amira Gharbi (CIN 03596347), établi le 12/03/2026 par Dr. Henda Trabelsi. Ce document relève du secret médical et ne peut être consulté que par le personnel de santé autorisé. Accès réservé au circuit autorisé et conservation dans le dossier sécurisé.",Medicale,C4,Dossier médical complet
Relevé de remboursement mutuelle pour Ahmed Trabelsi (CIN 16746550). Montant remboursé : 48 000 TND. Acte médical : burn-out professionnel. Données de santé couvertes par le secret médical. Diffusion limitée aux personnes habilitées ; toute transmission externe est interdite.,Medicale,C4,Attestation CNAM / mutuelle
"Arrêt de travail médical — Slim Karray (CIN 06310595, Matricule 9490059O/A/N/000). Durée : 5 jours à compter du 30/09/2025. Motif : hypertension artérielle. À transmettre uniquement au service RH dans le respect du secret médical. Diffusion limitée aux personnes habilitées ; toute transmission externe est interdite.",Medicale,C4,Arrêt maladie
"ORDONNANCE — Dr. Sami Mejri, Hôpital Charles Nicolle, Bizerte. Patient : Karim Ben Ali (CIN 19631815). Prescription médicale pour grippe saisonnière. Document de santé protégé par le secret médical. Information de niveau hautement confidentiel, soumise au secret professionnel.",Medicale,C4,Ordonnance médicale
"Communiqué de presse du 05/06/2026 : COMAR Assurances annonce le lancement de sa nouvelle gamme de produits, disponible dès aujourd'hui pour le grand public tunisien.",Publique,C1,Communiqué de presse
"Contrat de travail établi entre COMAR Assurances et Julie Dupont, affecté(e) au service R&D à Bizerte, prenant effet le 05/06/2026. CIN : 06893927. Ce document engage les deux parties.",RH,C3,Contrat de travail
"Certificat d'arrêt de travail de Youssef Chaabane, établi par Dr. Sami Mejri le 18/11/2026. Incapacité temporaire de 15 jours. Document couvert par le secret médical, accès restreint au médecin du travail COMAR. Accès réservé au circuit autorisé et conservation dans le dossier sécurisé.",Medicale,C4,Arrêt maladie
Facture n° 2026-18/11/2026 émise au nom de Sophie Martin pour un montant de 7 800 TND. Coordonnées de paiement : IBAN TN596502508159590431507.,Finance,C3,Facture client
"COMAR Assurances annonce des performances financières stables pour ce semestre, consolidant sa position de leader sur le marché tunisien avec un montant net d'investissements record.",Publique,C1,Actualités financières COMAR
"Projet d'acquisition en cours de négociation avec un fonds d'investissement, montant envisagé 7 800 TND. Ce dossier ne doit être consulté que par les membres du comité exécutif jusqu'à son annonce officielle. Accès réservé au circuit autorisé et conservation dans le dossier sécurisé.",Strategique,C4,Plan de fusion-acquisition
"Compte-rendu de la réunion du service R&D du 30/09/2025 : points abordés, décisions prises et actions à suivre par l'équipe.",RH,C2,Compte-rendu de réunion d'équipe
"Mode opératoire interne applicable au sein de l'équipe Support client, non destiné à être communiqué à des tiers.",RH,C2,Procédure interne
"Demande d'adhésion au contrat d'assurance groupe COMAR. Adhérent : Mohamed Jebali, résidant à Tunis. CIN : 10990699, Tél : +216 95 189 237. Signature requise pour finaliser la souscription.",Personnelles,C3,Demande de souscription contrat
"Certificat médical délivré par Clinique El Amen concernant Youssef Chaabane (CIN 19830020). Diagnostic : fracture du poignet. Durée d'incapacité : 5 jours. Document strictement confidentiel, réservé au médecin conseil COMAR et au service RH. Accès réservé au circuit autorisé et conservation dans le dossier sécurisé.",Medicale,C4,Certificat médical
"Package de rémunération du comité exécutif, Amira Gharbi inclus, montant total 22 900 TND. Diffusion strictement limitée à la direction générale. Toute copie, impression ou diffusion nécessite une validation préalable.",Finance,C4,Rémunération dirigeant
"Rapport d'expertise sinistre pour Slim Karray, référence SIN-2026299. Coordonnées : +216-50-792-990, Sousse. Document contenant des données personnelles et financières sensibles.",Personnelles,C3,Déclaration sinistre assurance
"Tout savoir sur l'assurance habitation : garanties obligatoires, franchises et options disponibles pour protéger votre logement et votre famille.",Publique,C1,Guide assurance auto/habitation
"Simulation de tarif pour une assurance auto COMAR. Client : Nabil Hamdi. Véhicule de tourisme, usage privé. Montant de la cotisation annuelle estimé à 7 800 TND. Valable 30 jours.",Finance,C3,Devis et simulation assurance
"Certificat d'arrêt de travail de Laura Bernard, établi par Dr. Henda Trabelsi le 12/03/2026. Incapacité temporaire de 3 jours. Document couvert par le secret médical, accès restreint au médecin du travail COMAR. Accès réservé au circuit autorisé et conservation dans le dossier sécurisé.",Medicale,C4,Arrêt maladie
"Scénario de restructuration stratégique concernant le service Support client. Ces éléments sont classés au plus haut niveau de sensibilité et leur divulgation prématurée est interdite. Toute copie, impression ou diffusion nécessite une validation préalable.",Strategique,C4,Plan de restructuration
"ORDONNANCE — Dr. Leila Hammami, Clinique El Amen, Gabès. Patient : Emma Girard (CIN 05067132). Prescription médicale pour lombalgie chronique. Document de santé protégé par le secret médical. Information de niveau hautement confidentiel, soumise au secret professionnel.",Medicale,C4,Ordonnance médicale
"Découvrez notre engagement en matière de responsabilité sociétale à Sfax, à retrouver sur notre site web ouvert à tous les visiteurs.",Publique,C1,Page site web institutionnel
"TEMPLATE DE CERTIFICAT MEDICAL D'APTITUDE
Je soussigné Dr [Nom du médecin] certifie que M./Mme [Nom du patient] ... 
Diagnostic : [________________]
Signature et cachet du médecin :",Publique,C1,Modèle de document vierge
Relevé de remboursement mutuelle pour Julie Dupont (CIN 19166591). Montant remboursé : 7 800 TND. Acte médical : hypertension artérielle. Données de santé couvertes par le secret médical. Accès réservé au circuit autorisé et conservation dans le dossier sécurisé.,Medicale,C4,Attestation CNAM / mutuelle
"Compte-rendu médical concernant Mohamed Jebali (CIN 04810033), établi le 18/11/2026 par Dr. Sami Mejri. Ce document relève du secret médical et ne peut être consulté que par le personnel de santé autorisé. Diffusion limitée aux personnes habilitées ; toute transmission externe est interdite.",Medicale,C4,Dossier médical complet
"Plan de réorganisation du service R&D, prévu pour le 05/06/2026, impliquant une révision des effectifs. Document réservé au comité de direction. Diffusion limitée aux personnes habilitées ; toute transmission externe est interdite.",Strategique,C4,Plan de restructuration
"Simulation de tarif pour une assurance auto COMAR. Client : Ahmed Trabelsi. Véhicule de tourisme, usage privé. Montant de la cotisation annuelle estimé à 3 200 TND. Valable 30 jours.",Finance,C3,Devis et simulation assurance
"Dossier de suivi du client Karim Ben Ali, incluant ses informations de contact (Mobile: (+216) 92.892.585, Fixe: 53200960). Accès réservé aux collaborateurs habilités du service Achats.",Personnelles,C3,Dossier client (données personnelles)
"Certificat d'arrêt de travail de Sophie Martin, établi par Dr. Sami Mejri le 30/09/2025. Incapacité temporaire de 15 jours. Document couvert par le secret médical, accès restreint au médecin du travail COMAR. Diffusion limitée aux personnes habilitées ; toute transmission externe est interdite.",Medicale,C4,Arrêt maladie
Politique de confidentialité et cookies de COMAR Assurances. Nous attachons une grande importance à la protection de vos données personnelles et au respect du RGPD.,Publique,C1,Politique de confidentialité publique
Le présent contrat fixe les conditions d'emploi de Slim Karray au sein du service Souscription. Sa diffusion est strictement réservée aux ressources humaines et à l'intéressé(e).,RH,C3,Contrat de travail
Organisation des congés et astreintes du service Marketing jusqu'au 12/03/2026.,RH,C2,Planning d'équipe
"Compte-rendu médical concernant Youssef Chaabane (CIN 12584658), établi le 05/06/2026 par Dr. Fares Ben Youssef. Ce document relève du secret médical et ne peut être consulté que par le personnel de santé autorisé. Toute copie, impression ou diffusion nécessite une validation préalable.",Medicale,C4,Dossier médical complet
"Attestation bancaire établie pour Amira Gharbi (CIN 06231539) : RIB 98013376191577014111, IBAN TN593506682289657549203. Document à usage exclusif du service Finance et du client concerné.",Finance,C3,Attestation bancaire (RIB tunisien)
"ORDONNANCE — Dr. Fares Ben Youssef, Clinique El Amen, La Marsa. Patient : Amira Gharbi (CIN 00390819). Prescription médicale pour hypertension artérielle. Document de santé protégé par le secret médical. Information de niveau hautement confidentiel, soumise au secret professionnel.",Medicale,C4,Ordonnance médicale
"Fiche client COMAR : Emma Girard (CIN 13241707, Tunis, Tél: +216-26-278-796). Police n° POL-872131. Ce dossier contient des données sensibles assurantielles.",Personnelles,C3,Dossier client (données personnelles)
"Relevé de facturation du client Nabil Hamdi, montant total 12 500 TND, à traiter exclusivement par le service comptabilité.",Finance,C3,Facture client
"Fiche de prélèvement bancaire COMAR : Client Slim Karray, IBAN TN590109982477075186210, CIN 07904252, Tél: +216 94 465 806.",Finance,C3,Coordonnées bancaires client
"CERTIFICAT MÉDICAL — Je soussigné(e) Dr. Leila Hammami, certifie avoir examiné ce jour M./Mme Laura Bernard (CIN 15861469) et constate un état de santé nécessitant un repos de 10 jours. Établi à Sousse le 18/11/2026. Ce document est couvert par le secret médical. Accès réservé au circuit autorisé et conservation dans le dossier sécurisé.",Medicale,C4,Certificat médical
"MODÈLE DE FICHE CLIENT VIERGE - COMAR ASSURANCES
Nom de l'assuré : [Insérer Nom]
CIN : [__ __ __ __ __ __ __ __]
Téléphone : [Insérer Numéro]
Adresse : [Insérer Ville]
Numéro de police : POL-xxxxxx
Numéro de sinistre : SIN-xxxxxxx",Publique,C1,Modèle de document vierge
"CERTIFICAT MÉDICAL — Je soussigné(e) Dr. Sami Mejri, certifie avoir examiné ce jour M./Mme Julie Dupont (CIN 13381235) et constate un état de santé nécessitant un repos de 15 jours. Établi à Sousse le 18/11/2026. Ce document est couvert par le secret médical. Information de niveau hautement confidentiel, soumise au secret professionnel.",Medicale,C4,Certificat médical
"Relevé de facturation du client Youssef Chaabane, montant total 1 850 TND, à traiter exclusivement par le service comptabilité.",Finance,C3,Facture client
"Présentation de notre mission, de nos valeurs et de notre histoire, publiée sur la page d'accueil de notre site institutionnel COMAR Assurances.",Publique,C1,Page site web institutionnel
"Accord commercial conclu entre COMAR Assurances et une société concurrente, portant sur une prestation d'un montant de 1 850 TND. Les termes de cet accord ne peuvent être divulgués sans autorisation.",Juridique,C3,Contrat commercial
"Conditions particulières du contrat d'assurance auto n° POL-113813 souscrit par Ahmed Trabelsi (CIN 16793992, Tél: +216 91 836 079). Date d'effet : 30/09/2025. Garanties : Responsabilité Civile, Vol et Incendie.",Personnelles,C3,Conditions particulières de police
"Conditions particulières du contrat d'assurance auto n° POL-602667 souscrit par Nabil Hamdi (CIN 14643850, Tél: +21693825704). Date d'effet : 18/11/2026. Garanties : Responsabilité Civile, Vol et Incendie.",Personnelles,C3,Conditions particulières de police
Guide pratique de l'assuré : comment déclarer un sinistre en ligne et obtenir une assistance immédiate. Les étapes clés pour être remboursé rapidement.,Publique,C1,Guide assurance auto/habitation
Guide pratique de l'assuré : comment déclarer un sinistre en ligne et obtenir une assistance immédiate. Les étapes clés pour être remboursé rapidement.,Publique,C1,Guide assurance auto/habitation
"Projet d'acquisition en cours de négociation avec une société concurrente, montant envisagé 48 000 TND. Ce dossier ne doit être consulté que par les membres du comité exécutif jusqu'à son annonce officielle. Toute copie, impression ou diffusion nécessite une validation préalable.",Strategique,C4,Plan de fusion-acquisition
"Relevé d'identité bancaire COMAR : titulaire Laura Bernard, banque STB, RIB 26549305397345135996, IBAN TN599500432605904735352. Ne pas transmettre par messagerie non sécurisée.",Finance,C3,Attestation bancaire (RIB tunisien)
"Attestation CNAM — Bénéficiaire : Fatma Bouzid (CIN 15037350). Numéro d'affiliation : 2139571P/P/C/000. Prise en charge médicale pour burn-out professionnel. Document contenant des données de santé protégées. Information de niveau hautement confidentiel, soumise au secret professionnel.",Medicale,C4,Attestation CNAM / mutuelle
"Bonjour à tous, je vous propose de planifier une réunion de travail pour faire le point sur le dossier de l'assurance client de M. Ben Ali. Merci de m'indiquer vos disponibilités.",RH,C2,Invitation et planification réunion
"Retrouvez notre actualité et nos communiqués officiels sur notre site internet, librement accessibles à tous.",Publique,C1,Communiqué de presse
"Déclaration de sinistre n° SIN-2025842 — Assuré : Mohamed Jebali (CIN 02666991, Tél: (+216) 74.992.770). Police POL-563801. Montant réclamé : 3 200 TND. Dossier à traiter par le service Sinistres.",Personnelles,C3,Déclaration sinistre assurance
"Dossier médical confidentiel de Fatma Bouzid (CIN 01529506, Tél: +21655541678). Antécédents : fracture du poignet. Suivi à Centre médical COMAR. Accès strictement restreint au médecin conseil COMAR. Diffusion limitée aux personnes habilitées ; toute transmission externe est interdite.",Medicale,C4,Dossier médical complet
"Bonjour à tous, je vous propose de planifier une réunion de travail pour faire le point sur le dossier de l'assurance client de M. Ben Ali. Merci de m'indiquer vos disponibilités.",RH,C2,Invitation et planification réunion
"Projet d'acquisition en cours de négociation avec un groupe international, montant envisagé 1 850 TND. Ce dossier ne doit être consulté que par les membres du comité exécutif jusqu'à son annonce officielle. Toute copie, impression ou diffusion nécessite une validation préalable.",Strategique,C4,Plan de fusion-acquisition
"Présentation de notre mission, de nos valeurs et de notre histoire, publiée sur la page d'accueil de notre site institutionnel COMAR Assurances.",Publique,C1,Page site web institutionnel
"Rapport d'expertise sinistre pour Amira Gharbi, référence SIN-2026997. Coordonnées : +216 27 531 214, La Marsa. Document contenant des données personnelles et financières sensibles.",Personnelles,C3,Déclaration sinistre assurance
"TEMPLATE DE CERTIFICAT MEDICAL D'APTITUDE
Je soussigné Dr [Nom du médecin] certifie que M./Mme [Nom du patient] ... 
Diagnostic : [________________]
Signature et cachet du médecin :",Publique,C1,Modèle de document vierge
Politique de confidentialité et cookies de COMAR Assurances. Nous attachons une grande importance à la protection de vos données personnelles et au respect du RGPD.,Publique,C1,Politique de confidentialité publique
"Présentation de notre mission, de nos valeurs et de notre histoire, publiée sur la page d'accueil de notre site institutionnel COMAR Assurances.",Publique,C1,Page site web institutionnel
Police d'assurance habitation n° POL-322860 - Conditions particulières. Assuré : Slim Karray (La Marsa). Franchise générale de 12 500 TND par sinistre. Document contractuel confidentiel.,Personnelles,C3,Conditions particulières de police
"Présentation de notre mission, de nos valeurs et de notre histoire, publiée sur la page d'accueil de notre site institutionnel COMAR Assurances.",Publique,C1,Page site web institutionnel
"Mode opératoire interne applicable au sein de l'équipe Production, non destiné à être communiqué à des tiers.",RH,C2,Procédure interne
Avis d'échéance COMAR Assurances. Client : Nabil Hamdi. Police n° POL-407795. Cotisation due pour la période du 12/03/2026 : 12 500 TND. À régler par prélèvement sur votre compte IBAN TN590809607137667080606.,Finance,C3,Avis d'échéance et appel de cotisations
"COMAR Santé : Pour votre bien-être, adoptez une alimentation équilibrée et pratiquez une activité physique régulière. Pour toute question médicale, consultez votre médecin traitant.",Publique,C1,Conseils prévention et santé
"Rapport d'expertise sinistre pour Fatma Bouzid, référence SIN-2025150. Coordonnées : (+216) 96.504.432, La Marsa. Document contenant des données personnelles et financières sensibles.",Personnelles,C3,Déclaration sinistre assurance
"Synthèse de l'échange hebdomadaire de l'équipe Support client, destinée uniquement aux membres présents et à leur hiérarchie directe.",RH,C2,Compte-rendu de réunion d'équipe
"Fiche client de Nabil Hamdi : coordonnées personnelles, historique d'achats et préférences. CIN 18080795, Tél: +216-76-530-002. Données soumises au RGPD et à la loi tunisienne sur la protection des données.",Personnelles,C3,Dossier client (données personnelles)
Relevé de remboursement mutuelle pour Ahmed Trabelsi (CIN 11160810). Montant remboursé : 1 850 TND. Acte médical : lombalgie chronique. Données de santé couvertes par le secret médical. Diffusion limitée aux personnes habilitées ; toute transmission externe est interdite.,Medicale,C4,Attestation CNAM / mutuelle
"Dossier de contentieux opposant COMAR Assurances à une société concurrente, enjeu financier estimé à 1 850 TND. Ce dossier est couvert par le secret professionnel. Accès réservé au circuit autorisé et conservation dans le dossier sécurisé.",Juridique,C4,Litige juridique majeur
"Simulation de tarif pour une assurance auto COMAR. Client : Youssef Chaabane. Véhicule de tourisme, usage privé. Montant de la cotisation annuelle estimé à 3 200 TND. Valable 30 jours.",Finance,C3,Devis et simulation assurance
"Enregistrement des coordonnées bancaires du client Julie Dupont (CIN 09053067) : IBAN TN599205709928610285514, RIB 38255203286591819805. Ces informations financières ne doivent en aucun cas être communiquées à un tiers non autorisé.",Finance,C3,Coordonnées bancaires client
"Plan de réorganisation du service Production, prévu pour le 05/06/2026, impliquant une révision des effectifs. Document réservé au comité de direction. Diffusion limitée aux personnes habilitées ; toute transmission externe est interdite.",Strategique,C4,Plan de restructuration
"Projet d'acquisition en cours de négociation avec un groupe international, montant envisagé 22 900 TND. Ce dossier ne doit être consulté que par les membres du comité exécutif jusqu'à son annonce officielle. Toute copie, impression ou diffusion nécessite une validation préalable.",Strategique,C4,Plan de fusion-acquisition
Devis d'assurance habitation n° POL-325246 établi pour Karim Ben Ali (CIN 15425568). Cotisation annuelle : 3 200 TND pour une couverture multirisque à Sfax.,Finance,C3,Devis et simulation assurance
À l'attention de l'équipe R&D : merci de prendre connaissance des nouveaux horaires applicables à partir du 30/09/2025. Diffusion limitée aux collaborateurs.,RH,C2,Note de service
"TEMPLATE DE CERTIFICAT MEDICAL D'APTITUDE
Je soussigné Dr [Nom du médecin] certifie que M./Mme [Nom du patient] ... 
Diagnostic : [________________]
Signature et cachet du médecin :",Publique,C1,Modèle de document vierge
"COMAR Santé : Pour votre bien-être, adoptez une alimentation équilibrée et pratiquez une activité physique régulière. Pour toute question médicale, consultez votre médecin traitant.",Publique,C1,Conseils prévention et santé
Rémunération globale du dirigeant Fatma Bouzid pour l'exercice en cours : 150 000 TND. Cette information est réservée aux membres du conseil d'administration. Accès réservé au circuit autorisé et conservation dans le dossier sécurisé.,Finance,C4,Rémunération dirigeant
"Relevé de facturation du client Slim Karray, montant total 1 850 TND, à traiter exclusivement par le service comptabilité.",Finance,C3,Facture client
"Certificat d'arrêt de travail de Fatma Bouzid, établi par Dr. Sami Mejri le 18/11/2026. Incapacité temporaire de 30 jours. Document couvert par le secret médical, accès restreint au médecin du travail COMAR. Information de niveau hautement confidentiel, soumise au secret professionnel.",Medicale,C4,Arrêt maladie
"Rapport d'évaluation médicale - Médecin conseil : Dr. Sami Mejri. Assuré : Amira Gharbi (CIN 06430449, Tél : +21679969771). Examen médical du dossier de sinistre SIN-2024713. Conclusion : lombalgie chronique, incapacité de 30 jours à valider. Soumis au secret médical strict. Diffusion limitée aux personnes habilitées ; toute transmission externe est interdite.",Medicale,C4,Rapport médical médecin conseil
"Offre d'emploi ouverte à candidature : poste à pourvoir au sein de l'équipe Logistique, annonce publiée sur les plateformes de recrutement tunisiennes.",Publique,C1,Offre d'emploi publiée
"Mode opératoire interne applicable au sein de l'équipe Souscription, non destiné à être communiqué à des tiers.",RH,C2,Procédure interne
Guide de santé publique : comment prévenir les maladies saisonnières. Des conseils simples pour renforcer votre système immunitaire cet hiver.,Publique,C1,Conseils prévention et santé
"Accord commercial conclu entre COMAR Assurances et un partenaire industriel, portant sur une prestation d'un montant de 22 900 TND. Les termes de cet accord ne peuvent être divulgués sans autorisation.",Juridique,C3,Contrat commercial
"TEMPLATE DE CERTIFICAT MEDICAL D'APTITUDE
Je soussigné Dr [Nom du médecin] certifie que M./Mme [Nom du patient] ... 
Diagnostic : [________________]
Signature et cachet du médecin :",Publique,C1,Modèle de document vierge
"Bonjour à tous, je vous propose de planifier une réunion de travail pour faire le point sur le dossier de l'assurance client de M. Ben Ali. Merci de m'indiquer vos disponibilités.",RH,C2,Invitation et planification réunion
Attestation CNAM — Bénéficiaire : Sophie Martin (CIN 07987679). Numéro d'affiliation : 4139710B/P/M/000. Prise en charge médicale pour grippe saisonnière. Document contenant des données de santé protégées. Accès réservé au circuit autorisé et conservation dans le dossier sécurisé.,Medicale,C4,Attestation CNAM / mutuelle
Le présent contrat lie l'entreprise à un fonds d'investissement à compter du 22/01/2026. Sa communication est réservée aux signataires et à la direction juridique.,Juridique,C3,Contrat commercial
"Attestation médicale — Patient : Fatma Bouzid, CIN 04068375, Tél: +216-98-458-702. Consultation du 30/09/2025 à Polyclinique Les Berges du Lac. Motif : lombalgie chronique. Ne pas diffuser en dehors du circuit médical autorisé. Accès réservé au circuit autorisé et conservation dans le dossier sécurisé.",Medicale,C4,Certificat médical
"Projet d'acquisition en cours de négociation avec un partenaire industriel, montant envisagé 1 850 TND. Ce dossier ne doit être consulté que par les membres du comité exécutif jusqu'à son annonce officielle. Information de niveau hautement confidentiel, soumise au secret professionnel.",Strategique,C4,Plan de fusion-acquisition
"Communiqué financier : COMAR Assurances affiche des résultats solides pour l'exercice écoulé, avec une hausse du chiffre d'affaires global et de nombreux nouveaux contrats signés à Tunis.",Publique,C1,Actualités financières COMAR
"Accord commercial conclu entre COMAR Assurances et une société concurrente, portant sur une prestation d'un montant de 12 500 TND. Les termes de cet accord ne peuvent être divulgués sans autorisation.",Juridique,C3,Contrat commercial
"Offre d'emploi ouverte à candidature : poste à pourvoir au sein de l'équipe Achats, annonce publiée sur les plateformes de recrutement tunisiennes.",Publique,C1,Offre d'emploi publiée
"Charte de confidentialité : comment nous traitons vos données personnelles collectées sur notre site web institutionnel. Conformément à la législation en vigueur, vous disposez d'un droit d'accès et de rectification.",Publique,C1,Politique de confidentialité publique
"MODÈLE DE FICHE CLIENT VIERGE - COMAR ASSURANCES
Nom de l'assuré : [Insérer Nom]
CIN : [__ __ __ __ __ __ __ __]
Téléphone : [Insérer Numéro]
Adresse : [Insérer Ville]
Numéro de police : POL-xxxxxx
Numéro de sinistre : SIN-xxxxxxx",Publique,C1,Modèle de document vierge
"Projet d'acquisition en cours de négociation avec un partenaire industriel, montant envisagé 22 900 TND. Ce dossier ne doit être consulté que par les membres du comité exécutif jusqu'à son annonce officielle. Toute copie, impression ou diffusion nécessite une validation préalable.",Strategique,C4,Plan de fusion-acquisition
"Relevé d'identité bancaire COMAR : titulaire Mohamed Jebali, banque STB, RIB 49874932039226868703, IBAN TN590309878064659491868. Ne pas transmettre par messagerie non sécurisée.",Finance,C3,Attestation bancaire (RIB tunisien)
"Synthèse de l'échange hebdomadaire de l'équipe Achats, destinée uniquement aux membres présents et à leur hiérarchie directe.",RH,C2,Compte-rendu de réunion d'équipe
"Relevé de facturation du client Ahmed Trabelsi, montant total 7 800 TND, à traiter exclusivement par le service comptabilité.",Finance,C3,Facture client
"Simulation de tarif pour une assurance auto COMAR. Client : Sophie Martin. Véhicule de tourisme, usage privé. Montant de la cotisation annuelle estimé à 7 800 TND. Valable 30 jours.",Finance,C3,Devis et simulation assurance
"Demande d'adhésion au contrat d'assurance groupe COMAR. Adhérent : Youssef Chaabane, résidant à Nabeul. CIN : 10939349, Tél : +21675479353. Signature requise pour finaliser la souscription.",Personnelles,C3,Demande de souscription contrat
"Fiche de prélèvement bancaire COMAR : Client Emma Girard, IBAN TN596700996087496122983, CIN 12748230, Tél: +21622971547.",Finance,C3,Coordonnées bancaires client
"Package de rémunération du comité exécutif, Nabil Hamdi inclus, montant total 3 200 TND. Diffusion strictement limitée à la direction générale. Information de niveau hautement confidentiel, soumise au secret professionnel.",Finance,C4,Rémunération dirigeant
"Compte-rendu médical concernant Nabil Hamdi (CIN 00789493), établi le 18/11/2026 par Dr. Sami Mejri. Ce document relève du secret médical et ne peut être consulté que par le personnel de santé autorisé. Accès réservé au circuit autorisé et conservation dans le dossier sécurisé.",Medicale,C4,Dossier médical complet
"Formulaire de souscription assurance vie. Souscripteur : Sophie Martin (CIN 04918924, Tél: +216-72-574-643). Bénéficiaire désigné en cas de décès : conjoint(e). Reçu le 05/06/2026.",Personnelles,C3,Demande de souscription contrat
Le présent contrat lie l'entreprise à une société concurrente à compter du 30/09/2025. Sa communication est réservée aux signataires et à la direction juridique.,Juridique,C3,Contrat commercial
"Simulation de tarif pour une assurance auto COMAR. Client : Laura Bernard. Véhicule de tourisme, usage privé. Montant de la cotisation annuelle estimé à 12 500 TND. Valable 30 jours.",Finance,C3,Devis et simulation assurance
"Contrat de travail établi entre COMAR Assurances et Mohamed Jebali, affecté(e) au service Marketing à Gabès, prenant effet le 05/06/2026. CIN : 00788675. Ce document engage les deux parties.",RH,C3,Contrat de travail
"Certificat médical délivré par Clinique El Amen concernant Laura Bernard (CIN 05100374). Diagnostic : fracture du poignet. Durée d'incapacité : 10 jours. Document strictement confidentiel, réservé au médecin conseil COMAR et au service RH. Toute copie, impression ou diffusion nécessite une validation préalable.",Medicale,C4,Certificat médical
"Rapport d'expertise médicale confidentiel rédigé par Dr. Fares Ben Youssef, médecin conseil de COMAR Assurances. Suite à l'examen de l'assuré Sophie Martin (CIN 05693746) après son accident du 22/01/2026. Diagnostic : burn-out professionnel entraînant une incapacité permanente partielle. Destiné exclusivement au service médical. Information de niveau hautement confidentiel, soumise au secret professionnel.",Medicale,C4,Rapport médical médecin conseil
Organisation des congés et astreintes du service Production jusqu'au 30/09/2025.,RH,C2,Planning d'équipe
"Présentation de notre mission, de nos valeurs et de notre histoire, publiée sur la page d'accueil de notre site institutionnel COMAR Assurances.",Publique,C1,Page site web institutionnel
"Formulaire de souscription assurance vie. Souscripteur : Slim Karray (CIN 09975117, Tél: +216 70 634 406). Bénéficiaire désigné en cas de décès : conjoint(e). Reçu le 30/09/2025.",Personnelles,C3,Demande de souscription contrat
Devis d'assurance habitation n° POL-357371 établi pour Julie Dupont (CIN 18120796). Cotisation annuelle : 7 800 TND pour une couverture multirisque à Nabeul.,Finance,C3,Devis et simulation assurance
"Découvrez notre engagement en matière de responsabilité sociétale à Ariana, à retrouver sur notre site web ouvert à tous les visiteurs.",Publique,C1,Page site web institutionnel
"Rapport d'expertise sinistre pour Nabil Hamdi, référence SIN-2025363. Coordonnées : +21620400376, Gabès. Document contenant des données personnelles et financières sensibles.",Personnelles,C3,Déclaration sinistre assurance
Avis d'échéance COMAR Assurances. Client : Emma Girard. Police n° POL-127574. Cotisation due pour la période du 05/06/2026 : 22 900 TND. À régler par prélèvement sur votre compte IBAN TN594706600974909126193.,Finance,C3,Avis d'échéance et appel de cotisations
"Enregistrement des coordonnées bancaires du client Sophie Martin (CIN 12147061) : IBAN TN594304010265576475665, RIB 73297741050685902330. Ces informations financières ne doivent en aucun cas être communiquées à un tiers non autorisé.",Finance,C3,Coordonnées bancaires client
Politique de confidentialité et cookies de COMAR Assurances. Nous attachons une grande importance à la protection de vos données personnelles et au respect du RGPD.,Publique,C1,Politique de confidentialité publique
"Présentation de notre mission, de nos valeurs et de notre histoire, publiée sur la page d'accueil de notre site institutionnel COMAR Assurances.",Publique,C1,Page site web institutionnel
"Compte-rendu médical concernant Amira Gharbi (CIN 10392191), établi le 12/03/2026 par Dr. Henda Trabelsi. Ce document relève du secret médical et ne peut être consulté que par le personnel de santé autorisé. Accès réservé au circuit autorisé et conservation dans le dossier sécurisé.",Medicale,C4,Dossier médical complet
Le présent contrat lie l'entreprise à un fonds d'investissement à compter du 18/11/2026. Sa communication est réservée aux signataires et à la direction juridique.,Juridique,C3,Contrat commercial
"Dossier de contentieux opposant COMAR Assurances à un groupe international, enjeu financier estimé à 7 800 TND. Ce dossier est couvert par le secret professionnel. Information de niveau hautement confidentiel, soumise au secret professionnel.",Juridique,C4,Litige juridique majeur
Appel de cotisation pour votre assurance auto n° POL-646258. Assuré : Mohamed Jebali. Montant net à payer : 12 500 TND avant le 30/09/2025. Coordonnées bancaires COMAR pour virement : RIB 54323246935516978837.,Finance,C3,Avis d'échéance et appel de cotisations
"Rapport d'évaluation médicale - Médecin conseil : Dr. Sami Mejri. Assuré : Amira Gharbi (CIN 00449818, Tél : (+216) 99.581.238). Examen médical du dossier de sinistre SIN-2025711. Conclusion : burn-out professionnel, incapacité de 3 jours à valider. Soumis au secret médical strict. Toute copie, impression ou diffusion nécessite une validation préalable.",Medicale,C4,Rapport médical médecin conseil
"Certificat d'arrêt de travail de Laura Bernard, établi par Dr. Henda Trabelsi le 05/06/2026. Incapacité temporaire de 15 jours. Document couvert par le secret médical, accès restreint au médecin du travail COMAR. Information de niveau hautement confidentiel, soumise au secret professionnel.",Medicale,C4,Arrêt maladie
"Rapport d'expertise médicale confidentiel rédigé par Dr. Henda Trabelsi, médecin conseil de COMAR Assurances. Suite à l'examen de l'assuré Fatma Bouzid (CIN 19000807) après son accident du 05/06/2026. Diagnostic : burn-out professionnel entraînant une incapacité permanente partielle. Destiné exclusivement au service médical. Diffusion limitée aux personnes habilitées ; toute transmission externe est interdite.",Medicale,C4,Rapport médical médecin conseil
"Découvrez notre engagement en matière de responsabilité sociétale à Bizerte, à retrouver sur notre site web ouvert à tous les visiteurs.",Publique,C1,Page site web institutionnel
Rémunération globale du dirigeant Youssef Chaabane pour l'exercice en cours : 150 000 TND. Cette information est réservée aux membres du conseil d'administration. Accès réservé au circuit autorisé et conservation dans le dossier sécurisé.,Finance,C4,Rémunération dirigeant
Scénario de restructuration stratégique concernant le service Sinistres. Ces éléments sont classés au plus haut niveau de sensibilité et leur divulgation prématurée est interdite. Accès réservé au circuit autorisé et conservation dans le dossier sécurisé.,Strategique,C4,Plan de restructuration
"Relevé de remboursement mutuelle pour Karim Ben Ali (CIN 02705702). Montant remboursé : 1 850 TND. Acte médical : lombalgie chronique. Données de santé couvertes par le secret médical. Information de niveau hautement confidentiel, soumise au secret professionnel.",Medicale,C4,Attestation CNAM / mutuelle
"Charte de confidentialité : comment nous traitons vos données personnelles collectées sur notre site web institutionnel. Conformément à la législation en vigueur, vous disposez d'un droit d'accès et de rectification.",Publique,C1,Politique de confidentialité publique
Avis d'échéance COMAR Assurances. Client : Mohamed Jebali. Police n° POL-930004. Cotisation due pour la période du 22/01/2026 : 7 800 TND. À régler par prélèvement sur votre compte IBAN TN599308830904581672919.,Finance,C3,Avis d'échéance et appel de cotisations
"Dossier de suivi du client Slim Karray, incluant ses informations de contact (Mobile: +216-53-512-848, Fixe: 55360989). Accès réservé aux collaborateurs habilités du service Production.",Personnelles,C3,Dossier client (données personnelles)
Nous recrutons un(e) chargé(e) de projet pour rejoindre notre service Sinistres à Gabès. Candidature à envoyer via notre site carrière.,Publique,C1,Offre d'emploi publiée
L'entreprise a le plaisir d'informer l'ensemble de ses parties prenantes et du public du succès de son événement annuel organisé à Tunis le 22/01/2026.,Publique,C1,Communiqué de presse
"Accord commercial conclu entre COMAR Assurances et un partenaire industriel, portant sur une prestation d'un montant de 22 900 TND. Les termes de cet accord ne peuvent être divulgués sans autorisation.",Juridique,C3,Contrat commercial
"Accord commercial conclu entre COMAR Assurances et un fonds d'investissement, portant sur une prestation d'un montant de 22 900 TND. Les termes de cet accord ne peuvent être divulgués sans autorisation.",Juridique,C3,Contrat commercial
"Attestation CNAM — Bénéficiaire : Sophie Martin (CIN 07754507). Numéro d'affiliation : 9326235W/A/N/000. Prise en charge médicale pour burn-out professionnel. Document contenant des données de santé protégées. Toute copie, impression ou diffusion nécessite une validation préalable.",Medicale,C4,Attestation CNAM / mutuelle
"Offre d'emploi ouverte à candidature : poste à pourvoir au sein de l'équipe R&D, annonce publiée sur les plateformes de recrutement tunisiennes.",Publique,C1,Offre d'emploi publiée
Organisation des congés et astreintes du service Achats jusqu'au 30/09/2025.,RH,C2,Planning d'équipe
"Rapport d'expertise médicale confidentiel rédigé par Dr. Henda Trabelsi, médecin conseil de COMAR Assurances. Suite à l'examen de l'assuré Amira Gharbi (CIN 17746011) après son accident du 22/01/2026. Diagnostic : lombalgie chronique entraînant une incapacité permanente partielle. Destiné exclusivement au service médical. Diffusion limitée aux personnes habilitées ; toute transmission externe est interdite.",Medicale,C4,Rapport médical médecin conseil
"Tout savoir sur l'assurance habitation : garanties obligatoires, franchises et options disponibles pour protéger votre logement et votre famille.",Publique,C1,Guide assurance auto/habitation
"Synthèse de l'échange hebdomadaire de l'équipe Support client, destinée uniquement aux membres présents et à leur hiérarchie directe.",RH,C2,Compte-rendu de réunion d'équipe
"Rémunération globale du dirigeant Laura Bernard pour l'exercice en cours : 1 850 TND. Cette information est réservée aux membres du conseil d'administration. Toute copie, impression ou diffusion nécessite une validation préalable.",Finance,C4,Rémunération dirigeant
"Déclaration de sinistre n° SIN-2024783 — Assuré : Emma Girard (CIN 16468667, Tél: +21675469142). Police POL-569076. Montant réclamé : 7 800 TND. Dossier à traiter par le service Sinistres.",Personnelles,C3,Déclaration sinistre assurance
Petit rappel à toute l'équipe Souscription : la salle de réunion B sera indisponible le 05/06/2026 pour travaux.,RH,C2,Note de service
Rémunération globale du dirigeant Julie Dupont pour l'exercice en cours : 7 800 TND. Cette information est réservée aux membres du conseil d'administration. Accès réservé au circuit autorisé et conservation dans le dossier sécurisé.,Finance,C4,Rémunération dirigeant
"Dossier de contentieux opposant COMAR Assurances à une société concurrente, enjeu financier estimé à 12 500 TND. Ce dossier est couvert par le secret professionnel. Accès réservé au circuit autorisé et conservation dans le dossier sécurisé.",Juridique,C4,Litige juridique majeur
"Bonjour à tous, je vous propose de planifier une réunion de travail pour faire le point sur le dossier de l'assurance client de M. Ben Ali. Merci de m'indiquer vos disponibilités.",RH,C2,Invitation et planification réunion
Guide pratique de l'assuré : comment déclarer un sinistre en ligne et obtenir une assistance immédiate. Les étapes clés pour être remboursé rapidement.,Publique,C1,Guide assurance auto/habitation
Le présent contrat fixe les conditions d'emploi de Sophie Martin au sein du service Support client. Sa diffusion est strictement réservée aux ressources humaines et à l'intéressé(e).,RH,C3,Contrat de travail
"Projet d'acquisition en cours de négociation avec une société concurrente, montant envisagé 22 900 TND. Ce dossier ne doit être consulté que par les membres du comité exécutif jusqu'à son annonce officielle. Information de niveau hautement confidentiel, soumise au secret professionnel.",Strategique,C4,Plan de fusion-acquisition
Nous recrutons un(e) chargé(e) de projet pour rejoindre notre service Logistique à Nabeul. Candidature à envoyer via notre site carrière.,Publique,C1,Offre d'emploi publiée
Le présent contrat lie l'entreprise à un partenaire industriel à compter du 30/09/2025. Sa communication est réservée aux signataires et à la direction juridique.,Juridique,C3,Contrat commercial
Procédure judiciaire en cours concernant un différend avec une société concurrente. Les pièces de ce dossier ne peuvent être communiquées qu'aux avocats mandatés et à la direction générale. Diffusion limitée aux personnes habilitées ; toute transmission externe est interdite.,Juridique,C4,Litige juridique majeur
"Contrat de travail établi entre COMAR Assurances et Julie Dupont, affecté(e) au service Achats à La Marsa, prenant effet le 18/11/2026. CIN : 16075121. Ce document engage les deux parties.",RH,C3,Contrat de travail
Police d'assurance habitation n° POL-357424 - Conditions particulières. Assuré : Laura Bernard (La Marsa). Franchise générale de 150 000 TND par sinistre. Document contractuel confidentiel.,Personnelles,C3,Conditions particulières de police
"TEMPLATE DE CERTIFICAT MEDICAL D'APTITUDE
Je soussigné Dr [Nom du médecin] certifie que M./Mme [Nom du patient] ... 
Diagnostic : [________________]
Signature et cachet du médecin :",Publique,C1,Modèle de document vierge
"Charte de confidentialité : comment nous traitons vos données personnelles collectées sur notre site web institutionnel. Conformément à la législation en vigueur, vous disposez d'un droit d'accès et de rectification.",Publique,C1,Politique de confidentialité publique
"Ordonnance médicale concernant Amira Gharbi (CIN 06386171). Traitement prescrit le 05/06/2026 par Dr. Leila Hammami. Ce document ne peut être consulté que par le personnel médical habilité et le pharmacien. Toute copie, impression ou diffusion nécessite une validation préalable.",Medicale,C4,Ordonnance médicale
"Charte de confidentialité : comment nous traitons vos données personnelles collectées sur notre site web institutionnel. Conformément à la législation en vigueur, vous disposez d'un droit d'accès et de rectification.",Publique,C1,Politique de confidentialité publique
"Accord commercial conclu entre COMAR Assurances et un fonds d'investissement, portant sur une prestation d'un montant de 1 850 TND. Les termes de cet accord ne peuvent être divulgués sans autorisation.",Juridique,C3,Contrat commercial
Petit rappel à toute l'équipe Sinistres : la salle de réunion B sera indisponible le 30/09/2025 pour travaux.,RH,C2,Note de service
Facture n° 2026-30/09/2025 émise au nom de Nabil Hamdi pour un montant de 1 850 TND. Coordonnées de paiement : IBAN TN595001691569780798230.,Finance,C3,Facture client
"TEMPLATE DE CERTIFICAT MEDICAL D'APTITUDE
Je soussigné Dr [Nom du médecin] certifie que M./Mme [Nom du patient] ... 
Diagnostic : [________________]
Signature et cachet du médecin :",Publique,C1,Modèle de document vierge
"Synthèse de l'échange hebdomadaire de l'équipe Souscription, destinée uniquement aux membres présents et à leur hiérarchie directe.",RH,C2,Compte-rendu de réunion d'équipe
Scénario de restructuration stratégique concernant le service Logistique. Ces éléments sont classés au plus haut niveau de sensibilité et leur divulgation prématurée est interdite. Diffusion limitée aux personnes habilitées ; toute transmission externe est interdite.,Strategique,C4,Plan de restructuration
"Package de rémunération du comité exécutif, Ahmed Trabelsi inclus, montant total 3 200 TND. Diffusion strictement limitée à la direction générale. Accès réservé au circuit autorisé et conservation dans le dossier sécurisé.",Finance,C4,Rémunération dirigeant
"Enregistrement des coordonnées bancaires du client Fatma Bouzid (CIN 06776383) : IBAN TN598808990888608110714, RIB 92360368085884443721. Ces informations financières ne doivent en aucun cas être communiquées à un tiers non autorisé.",Finance,C3,Coordonnées bancaires client
"Conditions particulières du contrat d'assurance auto n° POL-512898 souscrit par Karim Ben Ali (CIN 04639102, Tél: (+216) 79.423.783). Date d'effet : 12/03/2026. Garanties : Responsabilité Civile, Vol et Incendie.",Personnelles,C3,Conditions particulières de police
"Rapport d'expertise médicale confidentiel rédigé par Dr. Leila Hammami, médecin conseil de COMAR Assurances. Suite à l'examen de l'assuré Slim Karray (CIN 14018076) après son accident du 18/11/2026. Diagnostic : grippe saisonnière entraînant une incapacité permanente partielle. Destiné exclusivement au service médical. Toute copie, impression ou diffusion nécessite une validation préalable.",Medicale,C4,Rapport médical médecin conseil
"Rapport d'expertise sinistre pour Mohamed Jebali, référence SIN-2026176. Coordonnées : (+216) 24.175.331, Bizerte. Document contenant des données personnelles et financières sensibles.",Personnelles,C3,Déclaration sinistre assurance
Guide de santé publique : comment prévenir les maladies saisonnières. Des conseils simples pour renforcer votre système immunitaire cet hiver.,Publique,C1,Conseils prévention et santé
Police d'assurance habitation n° POL-174544 - Conditions particulières. Assuré : Fatma Bouzid (Gabès). Franchise générale de 1 850 TND par sinistre. Document contractuel confidentiel.,Personnelles,C3,Conditions particulières de police
"Rapport d'expertise sinistre pour Fatma Bouzid, référence SIN-2026670. Coordonnées : +216-97-324-448, Nabeul. Document contenant des données personnelles et financières sensibles.",Personnelles,C3,Déclaration sinistre assurance
"Certificat d'arrêt de travail de Julie Dupont, établi par Dr. Sami Mejri le 05/06/2026. Incapacité temporaire de 10 jours. Document couvert par le secret médical, accès restreint au médecin du travail COMAR. Toute copie, impression ou diffusion nécessite une validation préalable.",Medicale,C4,Arrêt maladie
"Formulaire de souscription assurance vie. Souscripteur : Nabil Hamdi (CIN 04211474, Tél: +216 75 757 325). Bénéficiaire désigné en cas de décès : conjoint(e). Reçu le 12/03/2026.",Personnelles,C3,Demande de souscription contrat
"Récapitulatif de rémunération de Mohamed Jebali : 7 800 TND, à conserver dans le dossier du salarié, accès restreint au service RH.",Finance,C3,Bulletin de paie
"Plan de réorganisation du service Logistique, prévu pour le 30/09/2025, impliquant une révision des effectifs. Document réservé au comité de direction. Information de niveau hautement confidentiel, soumise au secret professionnel.",Strategique,C4,Plan de restructuration
"Bonjour à tous, je vous propose de planifier une réunion de travail pour faire le point sur le dossier de l'assurance client de M. Ben Ali. Merci de m'indiquer vos disponibilités.",RH,C2,Invitation et planification réunion
"COMAR Assurances annonce des performances financières stables pour ce semestre, consolidant sa position de leader sur le marché tunisien avec un montant net d'investissements record.",Publique,C1,Actualités financières COMAR
"ORDONNANCE — Dr. Leila Hammami, Clinique El Amen, Gabès. Patient : Karim Ben Ali (CIN 14224349). Prescription médicale pour fracture du poignet. Document de santé protégé par le secret médical. Accès réservé au circuit autorisé et conservation dans le dossier sécurisé.",Medicale,C4,Ordonnance médicale
"MODÈLE DE FICHE CLIENT VIERGE - COMAR ASSURANCES
Nom de l'assuré : [Insérer Nom]
CIN : [__ __ __ __ __ __ __ __]
Téléphone : [Insérer Numéro]
Adresse : [Insérer Ville]
Numéro de police : POL-xxxxxx
Numéro de sinistre : SIN-xxxxxxx",Publique,C1,Modèle de document vierge
Rémunération globale du dirigeant Mohamed Jebali pour l'exercice en cours : 3 200 TND. Cette information est réservée aux membres du conseil d'administration. Diffusion limitée aux personnes habilitées ; toute transmission externe est interdite.,Finance,C4,Rémunération dirigeant
À l'attention de l'équipe Support client : merci de prendre connaissance des nouveaux horaires applicables à partir du 18/11/2026. Diffusion limitée aux collaborateurs.,RH,C2,Note de service
"Planning prévisionnel de l'équipe Logistique pour le mois en cours, à consulter par les collaborateurs concernés uniquement.",RH,C2,Planning d'équipe
Invitation réunion d'équipe : ordre du jour concernant le planning des audits internes et le suivi du dossier client. Rendez-vous dans la salle de conférence.,RH,C2,Invitation et planification réunion
"Retrouvez notre actualité et nos communiqués officiels sur notre site internet, librement accessibles à tous.",Publique,C1,Communiqué de presse
Le présent contrat lie l'entreprise à un partenaire industriel à compter du 18/11/2026. Sa communication est réservée aux signataires et à la direction juridique.,Juridique,C3,Contrat commercial
Devis d'assurance habitation n° POL-300761 établi pour Youssef Chaabane (CIN 07486369). Cotisation annuelle : 150 000 TND pour une couverture multirisque à Nabeul.,Finance,C3,Devis et simulation assurance
"Offre d'emploi ouverte à candidature : poste à pourvoir au sein de l'équipe Souscription, annonce publiée sur les plateformes de recrutement tunisiennes.",Publique,C1,Offre d'emploi publiée
"Contrat de travail établi entre COMAR Assurances et Laura Bernard, affecté(e) au service Marketing à Ariana, prenant effet le 22/01/2026. CIN : 14517702. Ce document engage les deux parties.",RH,C3,Contrat de travail
"Certificat médical délivré par Centre médical COMAR concernant Julie Dupont (CIN 14429737). Diagnostic : hypertension artérielle. Durée d'incapacité : 10 jours. Document strictement confidentiel, réservé au médecin conseil COMAR et au service RH. Diffusion limitée aux personnes habilitées ; toute transmission externe est interdite.",Medicale,C4,Certificat médical
"Attestation bancaire établie pour Ahmed Trabelsi (CIN 06106896) : RIB 57866070250766606950, IBAN TN596501831633253363057. Document à usage exclusif du service Finance et du client concerné.",Finance,C3,Attestation bancaire (RIB tunisien)
Petit rappel à toute l'équipe Support client : la salle de réunion B sera indisponible le 22/01/2026 pour travaux.,RH,C2,Note de service
"Retrouvez notre actualité et nos communiqués officiels sur notre site internet, librement accessibles à tous.",Publique,C1,Communiqué de presse
Politique de confidentialité et cookies de COMAR Assurances. Nous attachons une grande importance à la protection de vos données personnelles et au respect du RGPD.,Publique,C1,Politique de confidentialité publique
"Attestation bancaire établie pour Mohamed Jebali (CIN 10811730) : RIB 69590705695106361128, IBAN TN591309995176993303815. Document à usage exclusif du service Finance et du client concerné.",Finance,C3,Attestation bancaire (RIB tunisien)
"Bonjour à tous, je vous propose de planifier une réunion de travail pour faire le point sur le dossier de l'assurance client de M. Ben Ali. Merci de m'indiquer vos disponibilités.",RH,C2,Invitation et planification réunion
"Rapport d'expertise médicale confidentiel rédigé par Dr. Fares Ben Youssef, médecin conseil de COMAR Assurances. Suite à l'examen de l'assuré Ahmed Trabelsi (CIN 17322836) après son accident du 30/09/2025. Diagnostic : hypertension artérielle entraînant une incapacité permanente partielle. Destiné exclusivement au service médical. Accès réservé au circuit autorisé et conservation dans le dossier sécurisé.",Medicale,C4,Rapport médical médecin conseil
"CERTIFICAT MÉDICAL — Je soussigné(e) Dr. Henda Trabelsi, certifie avoir examiné ce jour M./Mme Laura Bernard (CIN 03760356) et constate un état de santé nécessitant un repos de 5 jours. Établi à Gabès le 18/11/2026. Ce document est couvert par le secret médical. Information de niveau hautement confidentiel, soumise au secret professionnel.",Medicale,C4,Certificat médical
"Rapport d'expertise sinistre pour Laura Bernard, référence SIN-2024225. Coordonnées : (+216) 97.502.111, Tunis. Document contenant des données personnelles et financières sensibles.",Personnelles,C3,Déclaration sinistre assurance
"COMAR Santé : Pour votre bien-être, adoptez une alimentation équilibrée et pratiquez une activité physique régulière. Pour toute question médicale, consultez votre médecin traitant.",Publique,C1,Conseils prévention et santé
"ORDONNANCE — Dr. Fares Ben Youssef, Clinique El Amen, Bizerte. Patient : Youssef Chaabane (CIN 00272216). Prescription médicale pour burn-out professionnel. Document de santé protégé par le secret médical. Toute copie, impression ou diffusion nécessite une validation préalable.",Medicale,C4,Ordonnance médicale
Invitation réunion d'équipe : ordre du jour concernant le planning des audits internes et le suivi du dossier client. Rendez-vous dans la salle de conférence.,RH,C2,Invitation et planification réunion
Le présent contrat fixe les conditions d'emploi de Slim Karray au sein du service R&D. Sa diffusion est strictement réservée aux ressources humaines et à l'intéressé(e).,RH,C3,Contrat de travail
À l'attention de l'équipe Logistique : merci de prendre connaissance des nouveaux horaires applicables à partir du 30/09/2025. Diffusion limitée aux collaborateurs.,RH,C2,Note de service
"Mise à jour du moyen de paiement de Laura Bernard : nouvel IBAN TN594204586672929907226 enregistré dans le système, accès limité au service Finance.",Finance,C3,Coordonnées bancaires client
"Planning prévisionnel de l'équipe Souscription pour le mois en cours, à consulter par les collaborateurs concernés uniquement.",RH,C2,Planning d'équipe
Avis d'échéance COMAR Assurances. Client : Slim Karray. Police n° POL-414838. Cotisation due pour la période du 12/03/2026 : 48 000 TND. À régler par prélèvement sur votre compte IBAN TN598703413723073571361.,Finance,C3,Avis d'échéance et appel de cotisations
"COMAR Santé : Pour votre bien-être, adoptez une alimentation équilibrée et pratiquez une activité physique régulière. Pour toute question médicale, consultez votre médecin traitant.",Publique,C1,Conseils prévention et santé
Organisation des congés et astreintes du service R&D jusqu'au 18/11/2026.,RH,C2,Planning d'équipe
Guide de santé publique : comment prévenir les maladies saisonnières. Des conseils simples pour renforcer votre système immunitaire cet hiver.,Publique,C1,Conseils prévention et santé
"Fiche client de Ahmed Trabelsi : coordonnées personnelles, historique d'achats et préférences. CIN 09572869, Tél: (+216) 55.953.910. Données soumises au RGPD et à la loi tunisienne sur la protection des données.",Personnelles,C3,Dossier client (données personnelles)
Appel de cotisation pour votre assurance auto n° POL-766612. Assuré : Laura Bernard. Montant net à payer : 1 850 TND avant le 22/01/2026. Coordonnées bancaires COMAR pour virement : RIB 92442350688439393960.,Finance,C3,Avis d'échéance et appel de cotisations
"Compte-rendu médical concernant Laura Bernard (CIN 16531759), établi le 12/03/2026 par Dr. Leila Hammami. Ce document relève du secret médical et ne peut être consulté que par le personnel de santé autorisé. Information de niveau hautement confidentiel, soumise au secret professionnel.",Medicale,C4,Dossier médical complet
"Mode opératoire interne applicable au sein de l'équipe Production, non destiné à être communiqué à des tiers.",RH,C2,Procédure interne
"Planning prévisionnel de l'équipe Souscription pour le mois en cours, à consulter par les collaborateurs concernés uniquement.",RH,C2,Planning d'équipe
"MODÈLE DE FICHE CLIENT VIERGE - COMAR ASSURANCES
Nom de l'assuré : [Insérer Nom]
CIN : [__ __ __ __ __ __ __ __]
Téléphone : [Insérer Numéro]
Adresse : [Insérer Ville]
Numéro de police : POL-xxxxxx
Numéro de sinistre : SIN-xxxxxxx",Publique,C1,Modèle de document vierge
"Package de rémunération du comité exécutif, Nabil Hamdi inclus, montant total 48 000 TND. Diffusion strictement limitée à la direction générale. Toute copie, impression ou diffusion nécessite une validation préalable.",Finance,C4,Rémunération dirigeant
Appel de cotisation pour votre assurance auto n° POL-391852. Assuré : Laura Bernard. Montant net à payer : 1 850 TND avant le 18/11/2026. Coordonnées bancaires COMAR pour virement : RIB 64663971801206335759.,Finance,C3,Avis d'échéance et appel de cotisations
"Rapport d'expertise sinistre pour Laura Bernard, référence SIN-2024735. Coordonnées : +21678574658, Gabès. Document contenant des données personnelles et financières sensibles.",Personnelles,C3,Déclaration sinistre assurance
Avis d'échéance COMAR Assurances. Client : Sophie Martin. Police n° POL-162388. Cotisation due pour la période du 05/06/2026 : 12 500 TND. À régler par prélèvement sur votre compte IBAN TN598408421727421940478.,Finance,C3,Avis d'échéance et appel de cotisations
"Bonjour à tous, je vous propose de planifier une réunion de travail pour faire le point sur le dossier de l'assurance client de M. Ben Ali. Merci de m'indiquer vos disponibilités.",RH,C2,Invitation et planification réunion
Guide de santé publique : comment prévenir les maladies saisonnières. Des conseils simples pour renforcer votre système immunitaire cet hiver.,Publique,C1,Conseils prévention et santé
Facture n° 2026-18/11/2026 émise au nom de Emma Girard pour un montant de 7 800 TND. Coordonnées de paiement : IBAN TN597201135980433315696.,Finance,C3,Facture client
"Formulaire de souscription assurance vie. Souscripteur : Sophie Martin (CIN 14841212, Tél: +216-55-496-059). Bénéficiaire désigné en cas de décès : conjoint(e). Reçu le 30/09/2025.",Personnelles,C3,Demande de souscription contrat
"Package de rémunération du comité exécutif, Mohamed Jebali inclus, montant total 22 900 TND. Diffusion strictement limitée à la direction générale. Diffusion limitée aux personnes habilitées ; toute transmission externe est interdite.",Finance,C4,Rémunération dirigeant
"Dossier médical confidentiel de Emma Girard (CIN 15127011, Tél: +216 93 360 637). Antécédents : fracture du poignet. Suivi à Clinique El Amen. Accès strictement restreint au médecin conseil COMAR. Accès réservé au circuit autorisé et conservation dans le dossier sécurisé.",Medicale,C4,Dossier médical complet
Nous recrutons un(e) chargé(e) de projet pour rejoindre notre service Achats à Gabès. Candidature à envoyer via notre site carrière.,Publique,C1,Offre d'emploi publiée
"Compte-rendu de la réunion du service Production du 05/06/2026 : points abordés, décisions prises et actions à suivre par l'équipe.",RH,C2,Compte-rendu de réunion d'équipe
"Procédure de fonctionnement du service Souscription : étapes à suivre pour le traitement des demandes courantes, réservée au personnel de l'entreprise.",RH,C2,Procédure interne
"Éléments stratégiques relatifs au rapprochement avec un fonds d'investissement, prévu pour le 22/01/2026. Toute fuite d'information avant l'annonce officielle exposerait l'entreprise à un risque financier majeur. Diffusion limitée aux personnes habilitées ; toute transmission externe est interdite.",Strategique,C4,Plan de fusion-acquisition
"Planning prévisionnel de l'équipe Achats pour le mois en cours, à consulter par les collaborateurs concernés uniquement.",RH,C2,Planning d'équipe
"Rapport d'expertise sinistre pour Fatma Bouzid, référence SIN-2024845. Coordonnées : +21690341741, Nabeul. Document contenant des données personnelles et financières sensibles.",Personnelles,C3,Déclaration sinistre assurance
"Planning prévisionnel de l'équipe Logistique pour le mois en cours, à consulter par les collaborateurs concernés uniquement.",RH,C2,Planning d'équipe
Police d'assurance habitation n° POL-702650 - Conditions particulières. Assuré : Julie Dupont (Sfax). Franchise générale de 7 800 TND par sinistre. Document contractuel confidentiel.,Personnelles,C3,Conditions particulières de police
"Synthèse de l'échange hebdomadaire de l'équipe Marketing, destinée uniquement aux membres présents et à leur hiérarchie directe.",RH,C2,Compte-rendu de réunion d'équipe
"Relevé d'identité bancaire COMAR : titulaire Laura Bernard, banque STB, RIB 86891950786796999938, IBAN TN598706260235640930999. Ne pas transmettre par messagerie non sécurisée.",Finance,C3,Attestation bancaire (RIB tunisien)
"Accord commercial conclu entre COMAR Assurances et un groupe international, portant sur une prestation d'un montant de 12 500 TND. Les termes de cet accord ne peuvent être divulgués sans autorisation.",Juridique,C3,Contrat commercial
"Scénario de restructuration stratégique concernant le service Production. Ces éléments sont classés au plus haut niveau de sensibilité et leur divulgation prématurée est interdite. Information de niveau hautement confidentiel, soumise au secret professionnel.",Strategique,C4,Plan de restructuration
Ordonnance médicale concernant Mohamed Jebali (CIN 15198465). Traitement prescrit le 05/06/2026 par Dr. Sami Mejri. Ce document ne peut être consulté que par le personnel médical habilité et le pharmacien. Accès réservé au circuit autorisé et conservation dans le dossier sécurisé.,Medicale,C4,Ordonnance médicale
"Découvrez notre engagement en matière de responsabilité sociétale à Bizerte, à retrouver sur notre site web ouvert à tous les visiteurs.",Publique,C1,Page site web institutionnel
"Bulletin de salaire de Ahmed Trabelsi pour le mois en cours, service Achats. Montant net à payer : 48 000 TND. Document personnel ne pouvant être partagé sans consentement.",Finance,C3,Bulletin de paie
"Procédure judiciaire en cours concernant un différend avec une société concurrente. Les pièces de ce dossier ne peuvent être communiquées qu'aux avocats mandatés et à la direction générale. Information de niveau hautement confidentiel, soumise au secret professionnel.",Juridique,C4,Litige juridique majeur
Petit rappel à toute l'équipe Logistique : la salle de réunion B sera indisponible le 22/01/2026 pour travaux.,RH,C2,Note de service
Note interne du 18/11/2026 concernant l'organisation du service Production pour le trimestre à venir. Ne pas transmettre en dehors de l'entreprise.,RH,C2,Note de service
"Récapitulatif de rémunération de Ahmed Trabelsi : 22 900 TND, à conserver dans le dossier du salarié, accès restreint au service RH.",Finance,C3,Bulletin de paie
Le présent contrat fixe les conditions d'emploi de Julie Dupont au sein du service Logistique. Sa diffusion est strictement réservée aux ressources humaines et à l'intéressé(e).,RH,C3,Contrat de travail
Guide de santé publique : comment prévenir les maladies saisonnières. Des conseils simples pour renforcer votre système immunitaire cet hiver.,Publique,C1,Conseils prévention et santé
"Bulletin de salaire de Amira Gharbi pour le mois en cours, service R&D. Montant net à payer : 150 000 TND. Document personnel ne pouvant être partagé sans consentement.",Finance,C3,Bulletin de paie
"COMAR Assurances annonce des performances financières stables pour ce semestre, consolidant sa position de leader sur le marché tunisien avec un montant net d'investissements record.",Publique,C1,Actualités financières COMAR
"Charte de confidentialité : comment nous traitons vos données personnelles collectées sur notre site web institutionnel. Conformément à la législation en vigueur, vous disposez d'un droit d'accès et de rectification.",Publique,C1,Politique de confidentialité publique
"COMAR Assurances annonce des performances financières stables pour ce semestre, consolidant sa position de leader sur le marché tunisien avec un montant net d'investissements record.",Publique,C1,Actualités financières COMAR
"Compte-rendu de la réunion du service Marketing du 22/01/2026 : points abordés, décisions prises et actions à suivre par l'équipe.",RH,C2,Compte-rendu de réunion d'équipe
Politique de confidentialité et cookies de COMAR Assurances. Nous attachons une grande importance à la protection de vos données personnelles et au respect du RGPD.,Publique,C1,Politique de confidentialité publique
Guide de santé publique : comment prévenir les maladies saisonnières. Des conseils simples pour renforcer votre système immunitaire cet hiver.,Publique,C1,Conseils prévention et santé
Le présent contrat fixe les conditions d'emploi de Youssef Chaabane au sein du service Achats. Sa diffusion est strictement réservée aux ressources humaines et à l'intéressé(e).,RH,C3,Contrat de travail
"Attestation bancaire établie pour Sophie Martin (CIN 06742895) : RIB 98714142642930646143, IBAN TN598206326763114310753. Document à usage exclusif du service Finance et du client concerné.",Finance,C3,Attestation bancaire (RIB tunisien)
Petit rappel à toute l'équipe R&D : la salle de réunion B sera indisponible le 30/09/2025 pour travaux.,RH,C2,Note de service
"COMAR Assurances annonce des performances financières stables pour ce semestre, consolidant sa position de leader sur le marché tunisien avec un montant net d'investissements record.",Publique,C1,Actualités financières COMAR
Avis d'échéance COMAR Assurances. Client : Emma Girard. Police n° POL-298099. Cotisation due pour la période du 05/06/2026 : 12 500 TND. À régler par prélèvement sur votre compte IBAN TN597203591998855229297.,Finance,C3,Avis d'échéance et appel de cotisations
"Rémunération globale du dirigeant Mohamed Jebali pour l'exercice en cours : 3 200 TND. Cette information est réservée aux membres du conseil d'administration. Information de niveau hautement confidentiel, soumise au secret professionnel.",Finance,C4,Rémunération dirigeant
Nous recrutons un(e) chargé(e) de projet pour rejoindre notre service Marketing à Ariana. Candidature à envoyer via notre site carrière.,Publique,C1,Offre d'emploi publiée
"Fiche client COMAR : Youssef Chaabane (CIN 18360901, Bizerte, Tél: (+216) 76.801.153). Police n° POL-379710. Ce dossier contient des données sensibles assurantielles.",Personnelles,C3,Dossier client (données personnelles)
"Planning prévisionnel de l'équipe Achats pour le mois en cours, à consulter par les collaborateurs concernés uniquement.",RH,C2,Planning d'équipe
"Compte-rendu de la réunion du service Souscription du 05/06/2026 : points abordés, décisions prises et actions à suivre par l'équipe.",RH,C2,Compte-rendu de réunion d'équipe
"COMAR Assurances annonce des performances financières stables pour ce semestre, consolidant sa position de leader sur le marché tunisien avec un montant net d'investissements record.",Publique,C1,Actualités financières COMAR
Organisation des congés et astreintes du service Production jusqu'au 12/03/2026.,RH,C2,Planning d'équipe
Le présent contrat fixe les conditions d'emploi de Mohamed Jebali au sein du service Souscription. Sa diffusion est strictement réservée aux ressources humaines et à l'intéressé(e).,RH,C3,Contrat de travail
"Mode opératoire interne applicable au sein de l'équipe Support client, non destiné à être communiqué à des tiers.",RH,C2,Procédure interne
"Planning prévisionnel de l'équipe Production pour le mois en cours, à consulter par les collaborateurs concernés uniquement.",RH,C2,Planning d'équipe
"Arrêt de travail médical — Youssef Chaabane (CIN 03409718, Matricule 8376768U/P/N/000). Durée : 30 jours à compter du 05/06/2026. Motif : lombalgie chronique. À transmettre uniquement au service RH dans le respect du secret médical. Accès réservé au circuit autorisé et conservation dans le dossier sécurisé.",Medicale,C4,Arrêt maladie
"Arrêt de travail médical — Laura Bernard (CIN 18871308, Matricule 7573600W/P/C/000). Durée : 15 jours à compter du 30/09/2025. Motif : burn-out professionnel. À transmettre uniquement au service RH dans le respect du secret médical. Accès réservé au circuit autorisé et conservation dans le dossier sécurisé.",Medicale,C4,Arrêt maladie
"Retrouvez notre actualité et nos communiqués officiels sur notre site internet, librement accessibles à tous.",Publique,C1,Communiqué de presse
"ORDONNANCE — Dr. Fares Ben Youssef, Centre médical COMAR, Monastir. Patient : Nabil Hamdi (CIN 11169277). Prescription médicale pour lombalgie chronique. Document de santé protégé par le secret médical. Toute copie, impression ou diffusion nécessite une validation préalable.",Medicale,C4,Ordonnance médicale
"Charte de confidentialité : comment nous traitons vos données personnelles collectées sur notre site web institutionnel. Conformément à la législation en vigueur, vous disposez d'un droit d'accès et de rectification.",Publique,C1,Politique de confidentialité publique
À l'attention de l'équipe Achats : merci de prendre connaissance des nouveaux horaires applicables à partir du 22/01/2026. Diffusion limitée aux collaborateurs.,RH,C2,Note de service
"Fiche client de Mohamed Jebali : coordonnées personnelles, historique d'achats et préférences. CIN 14490359, Tél: +21655417733. Données soumises au RGPD et à la loi tunisienne sur la protection des données.",Personnelles,C3,Dossier client (données personnelles)
"Arrêt de travail médical — Ahmed Trabelsi (CIN 00525136, Matricule 2653093C/P/C/000). Durée : 3 jours à compter du 22/01/2026. Motif : fracture du poignet. À transmettre uniquement au service RH dans le respect du secret médical. Accès réservé au circuit autorisé et conservation dans le dossier sécurisé.",Medicale,C4,Arrêt maladie
"ORDONNANCE — Dr. Sami Mejri, Hôpital Charles Nicolle, Sfax. Patient : Slim Karray (CIN 05145462). Prescription médicale pour fracture du poignet. Document de santé protégé par le secret médical. Accès réservé au circuit autorisé et conservation dans le dossier sécurisé.",Medicale,C4,Ordonnance médicale
"Attestation médicale — Patient : Julie Dupont, CIN 08884391, Tél: +21652497310. Consultation du 05/06/2026 à Polyclinique Les Berges du Lac. Motif : fracture du poignet. Ne pas diffuser en dehors du circuit médical autorisé. Information de niveau hautement confidentiel, soumise au secret professionnel.",Medicale,C4,Certificat médical
"Dossier de suivi du client Slim Karray, incluant ses informations de contact (Mobile: +216-78-699-152, Fixe: 28064339). Accès réservé aux collaborateurs habilités du service Achats.",Personnelles,C3,Dossier client (données personnelles)
"Attestation bancaire établie pour Emma Girard (CIN 18879788) : RIB 58271732031066646518, IBAN TN591008439711820034093. Document à usage exclusif du service Finance et du client concerné.",Finance,C3,Attestation bancaire (RIB tunisien)
"Scénario de restructuration stratégique concernant le service Logistique. Ces éléments sont classés au plus haut niveau de sensibilité et leur divulgation prématurée est interdite. Toute copie, impression ou diffusion nécessite une validation préalable.",Strategique,C4,Plan de restructuration
"Conditions particulières du contrat d'assurance auto n° POL-606875 souscrit par Amira Gharbi (CIN 17081175, Tél: (+216) 97.661.446). Date d'effet : 18/11/2026. Garanties : Responsabilité Civile, Vol et Incendie.",Personnelles,C3,Conditions particulières de police
"Dossier médical confidentiel de Julie Dupont (CIN 11086965, Tél: +216-56-065-002). Antécédents : grippe saisonnière. Suivi à Centre médical COMAR. Accès strictement restreint au médecin conseil COMAR. Information de niveau hautement confidentiel, soumise au secret professionnel.",Medicale,C4,Dossier médical complet
"Plan de réorganisation du service Achats, prévu pour le 22/01/2026, impliquant une révision des effectifs. Document réservé au comité de direction. Diffusion limitée aux personnes habilitées ; toute transmission externe est interdite.",Strategique,C4,Plan de restructuration
"Compte-rendu de la réunion du service Souscription du 18/11/2026 : points abordés, décisions prises et actions à suivre par l'équipe.",RH,C2,Compte-rendu de réunion d'équipe
"Présentation de notre mission, de nos valeurs et de notre histoire, publiée sur la page d'accueil de notre site institutionnel COMAR Assurances.",Publique,C1,Page site web institutionnel
Le présent contrat fixe les conditions d'emploi de Slim Karray au sein du service Support client. Sa diffusion est strictement réservée aux ressources humaines et à l'intéressé(e).,RH,C3,Contrat de travail
Le présent contrat lie l'entreprise à une société concurrente à compter du 22/01/2026. Sa communication est réservée aux signataires et à la direction juridique.,Juridique,C3,Contrat commercial
"Tout savoir sur l'assurance habitation : garanties obligatoires, franchises et options disponibles pour protéger votre logement et votre famille.",Publique,C1,Guide assurance auto/habitation
"Compte-rendu médical concernant Mohamed Jebali (CIN 19017706), établi le 30/09/2025 par Dr. Henda Trabelsi. Ce document relève du secret médical et ne peut être consulté que par le personnel de santé autorisé. Toute copie, impression ou diffusion nécessite une validation préalable.",Medicale,C4,Dossier médical complet
Guide de santé publique : comment prévenir les maladies saisonnières. Des conseils simples pour renforcer votre système immunitaire cet hiver.,Publique,C1,Conseils prévention et santé
"Mode opératoire interne applicable au sein de l'équipe Achats, non destiné à être communiqué à des tiers.",RH,C2,Procédure interne
"Certificat médical délivré par Polyclinique Les Berges du Lac concernant Amira Gharbi (CIN 16732642). Diagnostic : hypertension artérielle. Durée d'incapacité : 15 jours. Document strictement confidentiel, réservé au médecin conseil COMAR et au service RH. Diffusion limitée aux personnes habilitées ; toute transmission externe est interdite.",Medicale,C4,Certificat médical
Scénario de restructuration stratégique concernant le service Logistique. Ces éléments sont classés au plus haut niveau de sensibilité et leur divulgation prématurée est interdite. Diffusion limitée aux personnes habilitées ; toute transmission externe est interdite.,Strategique,C4,Plan de restructuration
Invitation réunion d'équipe : ordre du jour concernant le planning des audits internes et le suivi du dossier client. Rendez-vous dans la salle de conférence.,RH,C2,Invitation et planification réunion
"Retrouvez notre actualité et nos communiqués officiels sur notre site internet, librement accessibles à tous.",Publique,C1,Communiqué de presse
Invitation réunion d'équipe : ordre du jour concernant le planning des audits internes et le suivi du dossier client. Rendez-vous dans la salle de conférence.,RH,C2,Invitation et planification réunion
"Communiqué de presse du 22/01/2026 : COMAR Assurances annonce le lancement de sa nouvelle gamme de produits, disponible dès aujourd'hui pour le grand public tunisien.",Publique,C1,Communiqué de presse
Le présent contrat fixe les conditions d'emploi de Slim Karray au sein du service Support client. Sa diffusion est strictement réservée aux ressources humaines et à l'intéressé(e).,RH,C3,Contrat de travail
"COMAR Santé : Pour votre bien-être, adoptez une alimentation équilibrée et pratiquez une activité physique régulière. Pour toute question médicale, consultez votre médecin traitant.",Publique,C1,Conseils prévention et santé
Police d'assurance habitation n° POL-806981 - Conditions particulières. Assuré : Emma Girard (Gabès). Franchise générale de 48 000 TND par sinistre. Document contractuel confidentiel.,Personnelles,C3,Conditions particulières de police
"Rapport d'expertise sinistre pour Amira Gharbi, référence SIN-2024115. Coordonnées : +21654617457, Gabès. Document contenant des données personnelles et financières sensibles.",Personnelles,C3,Déclaration sinistre assurance
"Plan de réorganisation du service Logistique, prévu pour le 22/01/2026, impliquant une révision des effectifs. Document réservé au comité de direction. Information de niveau hautement confidentiel, soumise au secret professionnel.",Strategique,C4,Plan de restructuration
"Plan de réorganisation du service R&D, prévu pour le 18/11/2026, impliquant une révision des effectifs. Document réservé au comité de direction. Toute copie, impression ou diffusion nécessite une validation préalable.",Strategique,C4,Plan de restructuration
Guide pratique de l'assuré : comment déclarer un sinistre en ligne et obtenir une assistance immédiate. Les étapes clés pour être remboursé rapidement.,Publique,C1,Guide assurance auto/habitation
"Planning prévisionnel de l'équipe Souscription pour le mois en cours, à consulter par les collaborateurs concernés uniquement.",RH,C2,Planning d'équipe
Guide de santé publique : comment prévenir les maladies saisonnières. Des conseils simples pour renforcer votre système immunitaire cet hiver.,Publique,C1,Conseils prévention et santé
"Tout savoir sur l'assurance habitation : garanties obligatoires, franchises et options disponibles pour protéger votre logement et votre famille.",Publique,C1,Guide assurance auto/habitation
"Arrêt de travail médical — Youssef Chaabane (CIN 18399049, Matricule 8963782S/A/M/000). Durée : 15 jours à compter du 12/03/2026. Motif : hypertension artérielle. À transmettre uniquement au service RH dans le respect du secret médical. Toute copie, impression ou diffusion nécessite une validation préalable.",Medicale,C4,Arrêt maladie
"Procédure de fonctionnement du service Souscription : étapes à suivre pour le traitement des demandes courantes, réservée au personnel de l'entreprise.",RH,C2,Procédure interne
Politique de confidentialité et cookies de COMAR Assurances. Nous attachons une grande importance à la protection de vos données personnelles et au respect du RGPD.,Publique,C1,Politique de confidentialité publique
Avis d'échéance COMAR Assurances. Client : Slim Karray. Police n° POL-961424. Cotisation due pour la période du 22/01/2026 : 22 900 TND. À régler par prélèvement sur votre compte IBAN TN597201398302005657238.,Finance,C3,Avis d'échéance et appel de cotisations
Invitation réunion d'équipe : ordre du jour concernant le planning des audits internes et le suivi du dossier client. Rendez-vous dans la salle de conférence.,RH,C2,Invitation et planification réunion
"COMAR Santé : Pour votre bien-être, adoptez une alimentation équilibrée et pratiquez une activité physique régulière. Pour toute question médicale, consultez votre médecin traitant.",Publique,C1,Conseils prévention et santé
À l'attention de l'équipe Souscription : merci de prendre connaissance des nouveaux horaires applicables à partir du 12/03/2026. Diffusion limitée aux collaborateurs.,RH,C2,Note de service
Procédure judiciaire en cours concernant un différend avec un partenaire industriel. Les pièces de ce dossier ne peuvent être communiquées qu'aux avocats mandatés et à la direction générale. Diffusion limitée aux personnes habilitées ; toute transmission externe est interdite.,Juridique,C4,Litige juridique majeur
Guide pratique de l'assuré : comment déclarer un sinistre en ligne et obtenir une assistance immédiate. Les étapes clés pour être remboursé rapidement.,Publique,C1,Guide assurance auto/habitation
"Bulletin de salaire de Nabil Hamdi pour le mois en cours, service Sinistres. Montant net à payer : 3 200 TND. Document personnel ne pouvant être partagé sans consentement.",Finance,C3,Bulletin de paie
"COMAR Santé : Pour votre bien-être, adoptez une alimentation équilibrée et pratiquez une activité physique régulière. Pour toute question médicale, consultez votre médecin traitant.",Publique,C1,Conseils prévention et santé
Organisation des congés et astreintes du service Marketing jusqu'au 05/06/2026.,RH,C2,Planning d'équipe
"Relevé d'identité bancaire COMAR : titulaire Laura Bernard, banque STB, RIB 29617565779906183442, IBAN TN594301357408747407397. Ne pas transmettre par messagerie non sécurisée.",Finance,C3,Attestation bancaire (RIB tunisien)
"Bulletin de salaire de Slim Karray pour le mois en cours, service Sinistres. Montant net à payer : 150 000 TND. Document personnel ne pouvant être partagé sans consentement.",Finance,C3,Bulletin de paie
"Attestation CNAM — Bénéficiaire : Karim Ben Ali (CIN 02090014). Numéro d'affiliation : 1434060X/P/M/000. Prise en charge médicale pour lombalgie chronique. Document contenant des données de santé protégées. Information de niveau hautement confidentiel, soumise au secret professionnel.",Medicale,C4,Attestation CNAM / mutuelle
Devis d'assurance habitation n° POL-879027 établi pour Ahmed Trabelsi (CIN 04494474). Cotisation annuelle : 48 000 TND pour une couverture multirisque à Sfax.,Finance,C3,Devis et simulation assurance
"Formulaire de souscription assurance vie. Souscripteur : Nabil Hamdi (CIN 00624716, Tél: +216 72 693 865). Bénéficiaire désigné en cas de décès : conjoint(e). Reçu le 30/09/2025.",Personnelles,C3,Demande de souscription contrat
"Dossier médical confidentiel de Karim Ben Ali (CIN 12419541, Tél: (+216) 73.717.626). Antécédents : fracture du poignet. Suivi à Polyclinique Les Berges du Lac. Accès strictement restreint au médecin conseil COMAR. Toute copie, impression ou diffusion nécessite une validation préalable.",Medicale,C4,Dossier médical complet
"Formulaire de souscription assurance vie. Souscripteur : Julie Dupont (CIN 18073100, Tél: +216 25 797 766). Bénéficiaire désigné en cas de décès : conjoint(e). Reçu le 30/09/2025.",Personnelles,C3,Demande de souscription contrat
À l'attention de l'équipe Marketing : merci de prendre connaissance des nouveaux horaires applicables à partir du 18/11/2026. Diffusion limitée aux collaborateurs.,RH,C2,Note de service
Politique de confidentialité et cookies de COMAR Assurances. Nous attachons une grande importance à la protection de vos données personnelles et au respect du RGPD.,Publique,C1,Politique de confidentialité publique
"Conditions particulières du contrat d'assurance auto n° POL-696500 souscrit par Emma Girard (CIN 04335862, Tél: (+216) 94.358.805). Date d'effet : 05/06/2026. Garanties : Responsabilité Civile, Vol et Incendie.",Personnelles,C3,Conditions particulières de police
"Rapport d'expertise médicale confidentiel rédigé par Dr. Henda Trabelsi, médecin conseil de COMAR Assurances. Suite à l'examen de l'assuré Slim Karray (CIN 10098516) après son accident du 12/03/2026. Diagnostic : lombalgie chronique entraînant une incapacité permanente partielle. Destiné exclusivement au service médical. Information de niveau hautement confidentiel, soumise au secret professionnel.",Medicale,C4,Rapport médical médecin conseil
"Présentation de notre mission, de nos valeurs et de notre histoire, publiée sur la page d'accueil de notre site institutionnel COMAR Assurances.",Publique,C1,Page site web institutionnel
"Conditions particulières du contrat d'assurance auto n° POL-901194 souscrit par Ahmed Trabelsi (CIN 05128163, Tél: +216-78-996-317). Date d'effet : 12/03/2026. Garanties : Responsabilité Civile, Vol et Incendie.",Personnelles,C3,Conditions particulières de police
Devis d'assurance habitation n° POL-127268 établi pour Karim Ben Ali (CIN 12004320). Cotisation annuelle : 150 000 TND pour une couverture multirisque à Monastir.,Finance,C3,Devis et simulation assurance
Facture n° 2026-18/11/2026 émise au nom de Emma Girard pour un montant de 3 200 TND. Coordonnées de paiement : IBAN TN593101959602769347796.,Finance,C3,Facture client
"Offre d'emploi ouverte à candidature : poste à pourvoir au sein de l'équipe Logistique, annonce publiée sur les plateformes de recrutement tunisiennes.",Publique,C1,Offre d'emploi publiée
"TEMPLATE DE CERTIFICAT MEDICAL D'APTITUDE
Je soussigné Dr [Nom du médecin] certifie que M./Mme [Nom du patient] ... 
Diagnostic : [________________]
Signature et cachet du médecin :",Publique,C1,Modèle de document vierge
"Rapport d'expertise sinistre pour Julie Dupont, référence SIN-2024422. Coordonnées : +216-79-067-077, Ariana. Document contenant des données personnelles et financières sensibles.",Personnelles,C3,Déclaration sinistre assurance
"Charte de confidentialité : comment nous traitons vos données personnelles collectées sur notre site web institutionnel. Conformément à la législation en vigueur, vous disposez d'un droit d'accès et de rectification.",Publique,C1,Politique de confidentialité publique
"Bulletin de salaire de Sophie Martin pour le mois en cours, service Souscription. Montant net à payer : 12 500 TND. Document personnel ne pouvant être partagé sans consentement.",Finance,C3,Bulletin de paie
Facture n° 2026-22/01/2026 émise au nom de Ahmed Trabelsi pour un montant de 12 500 TND. Coordonnées de paiement : IBAN TN590504113713463107890.,Finance,C3,Facture client
"ORDONNANCE — Dr. Henda Trabelsi, Clinique El Amen, Tunis. Patient : Sophie Martin (CIN 15784190). Prescription médicale pour burn-out professionnel. Document de santé protégé par le secret médical. Accès réservé au circuit autorisé et conservation dans le dossier sécurisé.",Medicale,C4,Ordonnance médicale
"Compte-rendu de la réunion du service Achats du 18/11/2026 : points abordés, décisions prises et actions à suivre par l'équipe.",RH,C2,Compte-rendu de réunion d'équipe
Invitation réunion d'équipe : ordre du jour concernant le planning des audits internes et le suivi du dossier client. Rendez-vous dans la salle de conférence.,RH,C2,Invitation et planification réunion
Guide pratique de l'assuré : comment déclarer un sinistre en ligne et obtenir une assistance immédiate. Les étapes clés pour être remboursé rapidement.,Publique,C1,Guide assurance auto/habitation
"Plan de réorganisation du service Production, prévu pour le 30/09/2025, impliquant une révision des effectifs. Document réservé au comité de direction. Accès réservé au circuit autorisé et conservation dans le dossier sécurisé.",Strategique,C4,Plan de restructuration
"Rapport d'expertise médicale confidentiel rédigé par Dr. Fares Ben Youssef, médecin conseil de COMAR Assurances. Suite à l'examen de l'assuré Nabil Hamdi (CIN 11135892) après son accident du 18/11/2026. Diagnostic : grippe saisonnière entraînant une incapacité permanente partielle. Destiné exclusivement au service médical. Toute copie, impression ou diffusion nécessite une validation préalable.",Medicale,C4,Rapport médical médecin conseil
"Déclaration de sinistre n° SIN-2025086 — Assuré : Ahmed Trabelsi (CIN 06392946, Tél: +216 73 132 710). Police POL-893084. Montant réclamé : 22 900 TND. Dossier à traiter par le service Sinistres.",Personnelles,C3,Déclaration sinistre assurance
Nous recrutons un(e) chargé(e) de projet pour rejoindre notre service Logistique à La Marsa. Candidature à envoyer via notre site carrière.,Publique,C1,Offre d'emploi publiée
"Relevé de remboursement mutuelle pour Karim Ben Ali (CIN 03262100). Montant remboursé : 12 500 TND. Acte médical : burn-out professionnel. Données de santé couvertes par le secret médical. Toute copie, impression ou diffusion nécessite une validation préalable.",Medicale,C4,Attestation CNAM / mutuelle
"Attestation bancaire établie pour Julie Dupont (CIN 01832566) : RIB 27592746010069774009, IBAN TN599701846790877373169. Document à usage exclusif du service Finance et du client concerné.",Finance,C3,Attestation bancaire (RIB tunisien)
"Dossier de contentieux opposant COMAR Assurances à une société concurrente, enjeu financier estimé à 1 850 TND. Ce dossier est couvert par le secret professionnel. Diffusion limitée aux personnes habilitées ; toute transmission externe est interdite.",Juridique,C4,Litige juridique majeur
Le présent contrat fixe les conditions d'emploi de Youssef Chaabane au sein du service Logistique. Sa diffusion est strictement réservée aux ressources humaines et à l'intéressé(e).,RH,C3,Contrat de travail
Procédure judiciaire en cours concernant un différend avec une société concurrente. Les pièces de ce dossier ne peuvent être communiquées qu'aux avocats mandatés et à la direction générale. Accès réservé au circuit autorisé et conservation dans le dossier sécurisé.,Juridique,C4,Litige juridique majeur
"ORDONNANCE — Dr. Leila Hammami, Hôpital Charles Nicolle, La Marsa. Patient : Emma Girard (CIN 12803671). Prescription médicale pour hypertension artérielle. Document de santé protégé par le secret médical. Toute copie, impression ou diffusion nécessite une validation préalable.",Medicale,C4,Ordonnance médicale
"Scénario de restructuration stratégique concernant le service Achats. Ces éléments sont classés au plus haut niveau de sensibilité et leur divulgation prématurée est interdite. Information de niveau hautement confidentiel, soumise au secret professionnel.",Strategique,C4,Plan de restructuration
"Rapport d'expertise sinistre pour Youssef Chaabane, référence SIN-2026862. Coordonnées : +216-29-072-230, Bizerte. Document contenant des données personnelles et financières sensibles.",Personnelles,C3,Déclaration sinistre assurance
"Demande d'adhésion au contrat d'assurance groupe COMAR. Adhérent : Sophie Martin, résidant à Tunis. CIN : 12846863, Tél : +216-94-720-323. Signature requise pour finaliser la souscription.",Personnelles,C3,Demande de souscription contrat
"Récapitulatif de rémunération de Slim Karray : 150 000 TND, à conserver dans le dossier du salarié, accès restreint au service RH.",Finance,C3,Bulletin de paie
Avis d'échéance COMAR Assurances. Client : Karim Ben Ali. Police n° POL-932197. Cotisation due pour la période du 18/11/2026 : 48 000 TND. À régler par prélèvement sur votre compte IBAN TN591800343071488305450.,Finance,C3,Avis d'échéance et appel de cotisations
"Demande d'adhésion au contrat d'assurance groupe COMAR. Adhérent : Sophie Martin, résidant à Nabeul. CIN : 02461016, Tél : (+216) 94.107.137. Signature requise pour finaliser la souscription.",Personnelles,C3,Demande de souscription contrat
"Enregistrement des coordonnées bancaires du client Fatma Bouzid (CIN 14175401) : IBAN TN598204508146470236074, RIB 17060225255313417622. Ces informations financières ne doivent en aucun cas être communiquées à un tiers non autorisé.",Finance,C3,Coordonnées bancaires client
"Enregistrement des coordonnées bancaires du client Ahmed Trabelsi (CIN 03338831) : IBAN TN596403653145945681508, RIB 95146318798976330230. Ces informations financières ne doivent en aucun cas être communiquées à un tiers non autorisé.",Finance,C3,Coordonnées bancaires client
Le présent contrat lie l'entreprise à un fonds d'investissement à compter du 22/01/2026. Sa communication est réservée aux signataires et à la direction juridique.,Juridique,C3,Contrat commercial
"Procédure judiciaire en cours concernant un différend avec un partenaire industriel. Les pièces de ce dossier ne peuvent être communiquées qu'aux avocats mandatés et à la direction générale. Toute copie, impression ou diffusion nécessite une validation préalable.",Juridique,C4,Litige juridique majeur
"Mise à jour du moyen de paiement de Emma Girard : nouvel IBAN TN590306348745126193790 enregistré dans le système, accès limité au service Finance.",Finance,C3,Coordonnées bancaires client
"Déclaration de sinistre n° SIN-2026724 — Assuré : Sophie Martin (CIN 03531535, Tél: +216 77 287 245). Police POL-620542. Montant réclamé : 150 000 TND. Dossier à traiter par le service Sinistres.",Personnelles,C3,Déclaration sinistre assurance
L'entreprise a le plaisir d'informer l'ensemble de ses parties prenantes et du public du succès de son événement annuel organisé à La Marsa le 05/06/2026.,Publique,C1,Communiqué de presse
"Attestation médicale — Patient : Amira Gharbi, CIN 16505655, Tél: +216 54 400 267. Consultation du 30/09/2025 à Polyclinique Les Berges du Lac. Motif : hypertension artérielle. Ne pas diffuser en dehors du circuit médical autorisé. Accès réservé au circuit autorisé et conservation dans le dossier sécurisé.",Medicale,C4,Certificat médical
"Planning prévisionnel de l'équipe Logistique pour le mois en cours, à consulter par les collaborateurs concernés uniquement.",RH,C2,Planning d'équipe
"Relevé d'identité bancaire COMAR : titulaire Laura Bernard, banque STB, RIB 96979339338338768838, IBAN TN598007100245886417939. Ne pas transmettre par messagerie non sécurisée.",Finance,C3,Attestation bancaire (RIB tunisien)
Note interne du 05/06/2026 concernant l'organisation du service R&D pour le trimestre à venir. Ne pas transmettre en dehors de l'entreprise.,RH,C2,Note de service
"Procédure de fonctionnement du service Marketing : étapes à suivre pour le traitement des demandes courantes, réservée au personnel de l'entreprise.",RH,C2,Procédure interne
"Certificat d'arrêt de travail de Nabil Hamdi, établi par Dr. Leila Hammami le 05/06/2026. Incapacité temporaire de 10 jours. Document couvert par le secret médical, accès restreint au médecin du travail COMAR. Information de niveau hautement confidentiel, soumise au secret professionnel.",Medicale,C4,Arrêt maladie
"CERTIFICAT MÉDICAL — Je soussigné(e) Dr. Fares Ben Youssef, certifie avoir examiné ce jour M./Mme Ahmed Trabelsi (CIN 02495110) et constate un état de santé nécessitant un repos de 15 jours. Établi à Bizerte le 22/01/2026. Ce document est couvert par le secret médical. Information de niveau hautement confidentiel, soumise au secret professionnel.",Medicale,C4,Certificat médical
"Attestation bancaire établie pour Mohamed Jebali (CIN 18668058) : RIB 14523780346332874256, IBAN TN599002662377381330983. Document à usage exclusif du service Finance et du client concerné.",Finance,C3,Attestation bancaire (RIB tunisien)
"Synthèse de l'échange hebdomadaire de l'équipe Production, destinée uniquement aux membres présents et à leur hiérarchie directe.",RH,C2,Compte-rendu de réunion d'équipe
Facture n° 2026-22/01/2026 émise au nom de Laura Bernard pour un montant de 12 500 TND. Coordonnées de paiement : IBAN TN594907042416981420768.,Finance,C3,Facture client
"Compte-rendu de la réunion du service Support client du 22/01/2026 : points abordés, décisions prises et actions à suivre par l'équipe.",RH,C2,Compte-rendu de réunion d'équipe
Nous recrutons un(e) chargé(e) de projet pour rejoindre notre service Marketing à La Marsa. Candidature à envoyer via notre site carrière.,Publique,C1,Offre d'emploi publiée
"Communiqué financier : COMAR Assurances affiche des résultats solides pour l'exercice écoulé, avec une hausse du chiffre d'affaires global et de nombreux nouveaux contrats signés à Tunis.",Publique,C1,Actualités financières COMAR
"MODÈLE DE FICHE CLIENT VIERGE - COMAR ASSURANCES
Nom de l'assuré : [Insérer Nom]
CIN : [__ __ __ __ __ __ __ __]
Téléphone : [Insérer Numéro]
Adresse : [Insérer Ville]
Numéro de police : POL-xxxxxx
Numéro de sinistre : SIN-xxxxxxx",Publique,C1,Modèle de document vierge
"Package de rémunération du comité exécutif, Emma Girard inclus, montant total 150 000 TND. Diffusion strictement limitée à la direction générale. Toute copie, impression ou diffusion nécessite une validation préalable.",Finance,C4,Rémunération dirigeant
"Synthèse de l'échange hebdomadaire de l'équipe R&D, destinée uniquement aux membres présents et à leur hiérarchie directe.",RH,C2,Compte-rendu de réunion d'équipe
"Simulation de tarif pour une assurance auto COMAR. Client : Laura Bernard. Véhicule de tourisme, usage privé. Montant de la cotisation annuelle estimé à 22 900 TND. Valable 30 jours.",Finance,C3,Devis et simulation assurance
"Charte de confidentialité : comment nous traitons vos données personnelles collectées sur notre site web institutionnel. Conformément à la législation en vigueur, vous disposez d'un droit d'accès et de rectification.",Publique,C1,Politique de confidentialité publique
"Compte-rendu de la réunion du service Achats du 30/09/2025 : points abordés, décisions prises et actions à suivre par l'équipe.",RH,C2,Compte-rendu de réunion d'équipe
"Contrat de travail établi entre COMAR Assurances et Emma Girard, affecté(e) au service Sinistres à Gabès, prenant effet le 18/11/2026. CIN : 10796699. Ce document engage les deux parties.",RH,C3,Contrat de travail
"Relevé d'identité bancaire COMAR : titulaire Emma Girard, banque STB, RIB 64991047164954584465, IBAN TN590409630966676296029. Ne pas transmettre par messagerie non sécurisée.",Finance,C3,Attestation bancaire (RIB tunisien)
"Dossier de suivi du client Youssef Chaabane, incluant ses informations de contact (Mobile: (+216) 78.875.864, Fixe: 96198162). Accès réservé aux collaborateurs habilités du service R&D.",Personnelles,C3,Dossier client (données personnelles)
"Certificat d'arrêt de travail de Emma Girard, établi par Dr. Leila Hammami le 12/03/2026. Incapacité temporaire de 30 jours. Document couvert par le secret médical, accès restreint au médecin du travail COMAR. Diffusion limitée aux personnes habilitées ; toute transmission externe est interdite.",Medicale,C4,Arrêt maladie
"Rapport d'expertise médicale confidentiel rédigé par Dr. Leila Hammami, médecin conseil de COMAR Assurances. Suite à l'examen de l'assuré Youssef Chaabane (CIN 02852204) après son accident du 18/11/2026. Diagnostic : grippe saisonnière entraînant une incapacité permanente partielle. Destiné exclusivement au service médical. Toute copie, impression ou diffusion nécessite une validation préalable.",Medicale,C4,Rapport médical médecin conseil
"Éléments stratégiques relatifs au rapprochement avec une société concurrente, prévu pour le 05/06/2026. Toute fuite d'information avant l'annonce officielle exposerait l'entreprise à un risque financier majeur. Accès réservé au circuit autorisé et conservation dans le dossier sécurisé.",Strategique,C4,Plan de fusion-acquisition
Guide de santé publique : comment prévenir les maladies saisonnières. Des conseils simples pour renforcer votre système immunitaire cet hiver.,Publique,C1,Conseils prévention et santé
"Procédure judiciaire en cours concernant un différend avec un partenaire industriel. Les pièces de ce dossier ne peuvent être communiquées qu'aux avocats mandatés et à la direction générale. Toute copie, impression ou diffusion nécessite une validation préalable.",Juridique,C4,Litige juridique majeur
"Dossier de suivi du client Karim Ben Ali, incluant ses informations de contact (Mobile: +21629068299, Fixe: 79744222). Accès réservé aux collaborateurs habilités du service Logistique.",Personnelles,C3,Dossier client (données personnelles)
"TEMPLATE DE CERTIFICAT MEDICAL D'APTITUDE
Je soussigné Dr [Nom du médecin] certifie que M./Mme [Nom du patient] ... 
Diagnostic : [________________]
Signature et cachet du médecin :",Publique,C1,Modèle de document vierge
"ORDONNANCE — Dr. Henda Trabelsi, Centre médical COMAR, Gabès. Patient : Karim Ben Ali (CIN 03759933). Prescription médicale pour fracture du poignet. Document de santé protégé par le secret médical. Information de niveau hautement confidentiel, soumise au secret professionnel.",Medicale,C4,Ordonnance médicale
Attestation CNAM — Bénéficiaire : Emma Girard (CIN 09015174). Numéro d'affiliation : 9999201N/P/C/000. Prise en charge médicale pour burn-out professionnel. Document contenant des données de santé protégées. Accès réservé au circuit autorisé et conservation dans le dossier sécurisé.,Medicale,C4,Attestation CNAM / mutuelle
À l'attention de l'équipe R&D : merci de prendre connaissance des nouveaux horaires applicables à partir du 22/01/2026. Diffusion limitée aux collaborateurs.,RH,C2,Note de service
"Scénario de restructuration stratégique concernant le service Support client. Ces éléments sont classés au plus haut niveau de sensibilité et leur divulgation prématurée est interdite. Information de niveau hautement confidentiel, soumise au secret professionnel.",Strategique,C4,Plan de restructuration
Appel de cotisation pour votre assurance auto n° POL-599217. Assuré : Slim Karray. Montant net à payer : 22 900 TND avant le 30/09/2025. Coordonnées bancaires COMAR pour virement : RIB 50883068294817049672.,Finance,C3,Avis d'échéance et appel de cotisations
Le présent contrat fixe les conditions d'emploi de Karim Ben Ali au sein du service Achats. Sa diffusion est strictement réservée aux ressources humaines et à l'intéressé(e).,RH,C3,Contrat de travail
"Certificat médical délivré par Clinique El Amen concernant Ahmed Trabelsi (CIN 05542771). Diagnostic : fracture du poignet. Durée d'incapacité : 10 jours. Document strictement confidentiel, réservé au médecin conseil COMAR et au service RH. Information de niveau hautement confidentiel, soumise au secret professionnel.",Medicale,C4,Certificat médical
"COMAR Assurances annonce des performances financières stables pour ce semestre, consolidant sa position de leader sur le marché tunisien avec un montant net d'investissements record.",Publique,C1,Actualités financières COMAR
"Relevé d'identité bancaire COMAR : titulaire Nabil Hamdi, banque STB, RIB 78945119324671999275, IBAN TN598500786725308158086. Ne pas transmettre par messagerie non sécurisée.",Finance,C3,Attestation bancaire (RIB tunisien)
"COMAR Santé : Pour votre bien-être, adoptez une alimentation équilibrée et pratiquez une activité physique régulière. Pour toute question médicale, consultez votre médecin traitant.",Publique,C1,Conseils prévention et santé
"Dossier de contentieux opposant COMAR Assurances à un groupe international, enjeu financier estimé à 12 500 TND. Ce dossier est couvert par le secret professionnel. Diffusion limitée aux personnes habilitées ; toute transmission externe est interdite.",Juridique,C4,Litige juridique majeur
"Éléments stratégiques relatifs au rapprochement avec un partenaire industriel, prévu pour le 30/09/2025. Toute fuite d'information avant l'annonce officielle exposerait l'entreprise à un risque financier majeur. Accès réservé au circuit autorisé et conservation dans le dossier sécurisé.",Strategique,C4,Plan de fusion-acquisition
"Fiche de prélèvement bancaire COMAR : Client Sophie Martin, IBAN TN596107598962249476419, CIN 17708594, Tél: +21650682395.",Finance,C3,Coordonnées bancaires client
"Retrouvez notre actualité et nos communiqués officiels sur notre site internet, librement accessibles à tous.",Publique,C1,Communiqué de presse
"Projet d'acquisition en cours de négociation avec un groupe international, montant envisagé 48 000 TND. Ce dossier ne doit être consulté que par les membres du comité exécutif jusqu'à son annonce officielle. Information de niveau hautement confidentiel, soumise au secret professionnel.",Strategique,C4,Plan de fusion-acquisition
"TEMPLATE DE CERTIFICAT MEDICAL D'APTITUDE
Je soussigné Dr [Nom du médecin] certifie que M./Mme [Nom du patient] ... 
Diagnostic : [________________]
Signature et cachet du médecin :",Publique,C1,Modèle de document vierge
"Formulaire de souscription assurance vie. Souscripteur : Karim Ben Ali (CIN 05515704, Tél: +21672330434). Bénéficiaire désigné en cas de décès : conjoint(e). Reçu le 05/06/2026.",Personnelles,C3,Demande de souscription contrat
"Bulletin de salaire de Laura Bernard pour le mois en cours, service Production. Montant net à payer : 48 000 TND. Document personnel ne pouvant être partagé sans consentement.",Finance,C3,Bulletin de paie
"Communiqué de presse du 05/06/2026 : COMAR Assurances annonce le lancement de sa nouvelle gamme de produits, disponible dès aujourd'hui pour le grand public tunisien.",Publique,C1,Communiqué de presse
"Offre d'emploi ouverte à candidature : poste à pourvoir au sein de l'équipe Support client, annonce publiée sur les plateformes de recrutement tunisiennes.",Publique,C1,Offre d'emploi publiée
Scénario de restructuration stratégique concernant le service Achats. Ces éléments sont classés au plus haut niveau de sensibilité et leur divulgation prématurée est interdite. Diffusion limitée aux personnes habilitées ; toute transmission externe est interdite.,Strategique,C4,Plan de restructuration
"Certificat médical délivré par Clinique El Amen concernant Mohamed Jebali (CIN 17372725). Diagnostic : lombalgie chronique. Durée d'incapacité : 30 jours. Document strictement confidentiel, réservé au médecin conseil COMAR et au service RH. Diffusion limitée aux personnes habilitées ; toute transmission externe est interdite.",Medicale,C4,Certificat médical
"Contrat de travail établi entre COMAR Assurances et Slim Karray, affecté(e) au service Support client à Sfax, prenant effet le 12/03/2026. CIN : 12012959. Ce document engage les deux parties.",RH,C3,Contrat de travail
"Contrat de travail établi entre COMAR Assurances et Karim Ben Ali, affecté(e) au service R&D à Bizerte, prenant effet le 30/09/2025. CIN : 19736799. Ce document engage les deux parties.",RH,C3,Contrat de travail
Ordonnance médicale concernant Amira Gharbi (CIN 13840081). Traitement prescrit le 05/06/2026 par Dr. Henda Trabelsi. Ce document ne peut être consulté que par le personnel médical habilité et le pharmacien. Accès réservé au circuit autorisé et conservation dans le dossier sécurisé.,Medicale,C4,Ordonnance médicale
Rémunération globale du dirigeant Karim Ben Ali pour l'exercice en cours : 48 000 TND. Cette information est réservée aux membres du conseil d'administration. Accès réservé au circuit autorisé et conservation dans le dossier sécurisé.,Finance,C4,Rémunération dirigeant
"Fiche client de Ahmed Trabelsi : coordonnées personnelles, historique d'achats et préférences. CIN 13218945, Tél: +216 26 088 589. Données soumises au RGPD et à la loi tunisienne sur la protection des données.",Personnelles,C3,Dossier client (données personnelles)
"Dossier de contentieux opposant COMAR Assurances à une société concurrente, enjeu financier estimé à 1 850 TND. Ce dossier est couvert par le secret professionnel. Accès réservé au circuit autorisé et conservation dans le dossier sécurisé.",Juridique,C4,Litige juridique majeur
"Relevé de remboursement mutuelle pour Mohamed Jebali (CIN 06348110). Montant remboursé : 7 800 TND. Acte médical : grippe saisonnière. Données de santé couvertes par le secret médical. Toute copie, impression ou diffusion nécessite une validation préalable.",Medicale,C4,Attestation CNAM / mutuelle
"Projet d'acquisition en cours de négociation avec un fonds d'investissement, montant envisagé 22 900 TND. Ce dossier ne doit être consulté que par les membres du comité exécutif jusqu'à son annonce officielle. Information de niveau hautement confidentiel, soumise au secret professionnel.",Strategique,C4,Plan de fusion-acquisition
"Synthèse de l'échange hebdomadaire de l'équipe Logistique, destinée uniquement aux membres présents et à leur hiérarchie directe.",RH,C2,Compte-rendu de réunion d'équipe
"Bonjour à tous, je vous propose de planifier une réunion de travail pour faire le point sur le dossier de l'assurance client de M. Ben Ali. Merci de m'indiquer vos disponibilités.",RH,C2,Invitation et planification réunion
"Tout savoir sur l'assurance habitation : garanties obligatoires, franchises et options disponibles pour protéger votre logement et votre famille.",Publique,C1,Guide assurance auto/habitation
Le présent contrat lie l'entreprise à un fonds d'investissement à compter du 12/03/2026. Sa communication est réservée aux signataires et à la direction juridique.,Juridique,C3,Contrat commercial
Appel de cotisation pour votre assurance auto n° POL-286579. Assuré : Youssef Chaabane. Montant net à payer : 150 000 TND avant le 30/09/2025. Coordonnées bancaires COMAR pour virement : RIB 06668843316509833812.,Finance,C3,Avis d'échéance et appel de cotisations
"Bonjour à tous, je vous propose de planifier une réunion de travail pour faire le point sur le dossier de l'assurance client de M. Ben Ali. Merci de m'indiquer vos disponibilités.",RH,C2,Invitation et planification réunion
"Mise à jour du moyen de paiement de Mohamed Jebali : nouvel IBAN TN592809443882697694136 enregistré dans le système, accès limité au service Finance.",Finance,C3,Coordonnées bancaires client
"Scénario de restructuration stratégique concernant le service Support client. Ces éléments sont classés au plus haut niveau de sensibilité et leur divulgation prématurée est interdite. Information de niveau hautement confidentiel, soumise au secret professionnel.",Strategique,C4,Plan de restructuration
"Communiqué financier : COMAR Assurances affiche des résultats solides pour l'exercice écoulé, avec une hausse du chiffre d'affaires global et de nombreux nouveaux contrats signés à Tunis.",Publique,C1,Actualités financières COMAR
Invitation réunion d'équipe : ordre du jour concernant le planning des audits internes et le suivi du dossier client. Rendez-vous dans la salle de conférence.,RH,C2,Invitation et planification réunion
Attestation CNAM — Bénéficiaire : Julie Dupont (CIN 02684908). Numéro d'affiliation : 4801482D/A/M/000. Prise en charge médicale pour grippe saisonnière. Document contenant des données de santé protégées. Accès réservé au circuit autorisé et conservation dans le dossier sécurisé.,Medicale,C4,Attestation CNAM / mutuelle
"Mode opératoire interne applicable au sein de l'équipe Support client, non destiné à être communiqué à des tiers.",RH,C2,Procédure interne
"Découvrez notre engagement en matière de responsabilité sociétale à Sfax, à retrouver sur notre site web ouvert à tous les visiteurs.",Publique,C1,Page site web institutionnel
"Retrouvez notre actualité et nos communiqués officiels sur notre site internet, librement accessibles à tous.",Publique,C1,Communiqué de presse
"TEMPLATE DE CERTIFICAT MEDICAL D'APTITUDE
Je soussigné Dr [Nom du médecin] certifie que M./Mme [Nom du patient] ... 
Diagnostic : [________________]
Signature et cachet du médecin :",Publique,C1,Modèle de document vierge
"Conditions particulières du contrat d'assurance auto n° POL-344991 souscrit par Julie Dupont (CIN 12920665, Tél: (+216) 56.566.703). Date d'effet : 22/01/2026. Garanties : Responsabilité Civile, Vol et Incendie.",Personnelles,C3,Conditions particulières de police
Le présent contrat lie l'entreprise à une société concurrente à compter du 12/03/2026. Sa communication est réservée aux signataires et à la direction juridique.,Juridique,C3,Contrat commercial
Le présent contrat lie l'entreprise à un groupe international à compter du 12/03/2026. Sa communication est réservée aux signataires et à la direction juridique.,Juridique,C3,Contrat commercial
"Accord commercial conclu entre COMAR Assurances et un fonds d'investissement, portant sur une prestation d'un montant de 7 800 TND. Les termes de cet accord ne peuvent être divulgués sans autorisation.",Juridique,C3,Contrat commercial
"Mise à jour du moyen de paiement de Sophie Martin : nouvel IBAN TN597609328792746226897 enregistré dans le système, accès limité au service Finance.",Finance,C3,Coordonnées bancaires client
Nous recrutons un(e) chargé(e) de projet pour rejoindre notre service Production à La Marsa. Candidature à envoyer via notre site carrière.,Publique,C1,Offre d'emploi publiée
"Package de rémunération du comité exécutif, Mohamed Jebali inclus, montant total 150 000 TND. Diffusion strictement limitée à la direction générale. Information de niveau hautement confidentiel, soumise au secret professionnel.",Finance,C4,Rémunération dirigeant
"Arrêt de travail médical — Karim Ben Ali (CIN 16762386, Matricule 2302024Q/A/C/000). Durée : 15 jours à compter du 05/06/2026. Motif : burn-out professionnel. À transmettre uniquement au service RH dans le respect du secret médical. Information de niveau hautement confidentiel, soumise au secret professionnel.",Medicale,C4,Arrêt maladie
"Demande d'adhésion au contrat d'assurance groupe COMAR. Adhérent : Karim Ben Ali, résidant à Sfax. CIN : 18814608, Tél : +21629474079. Signature requise pour finaliser la souscription.",Personnelles,C3,Demande de souscription contrat
Facture n° 2026-12/03/2026 émise au nom de Nabil Hamdi pour un montant de 22 900 TND. Coordonnées de paiement : IBAN TN593607408912059944769.,Finance,C3,Facture client
"Package de rémunération du comité exécutif, Nabil Hamdi inclus, montant total 12 500 TND. Diffusion strictement limitée à la direction générale. Information de niveau hautement confidentiel, soumise au secret professionnel.",Finance,C4,Rémunération dirigeant
"Dossier de contentieux opposant COMAR Assurances à une société concurrente, enjeu financier estimé à 1 850 TND. Ce dossier est couvert par le secret professionnel. Accès réservé au circuit autorisé et conservation dans le dossier sécurisé.",Juridique,C4,Litige juridique majeur
"Certificat médical délivré par Centre médical COMAR concernant Ahmed Trabelsi (CIN 00684666). Diagnostic : hypertension artérielle. Durée d'incapacité : 10 jours. Document strictement confidentiel, réservé au médecin conseil COMAR et au service RH. Toute copie, impression ou diffusion nécessite une validation préalable.",Medicale,C4,Certificat médical
"Mode opératoire interne applicable au sein de l'équipe Achats, non destiné à être communiqué à des tiers.",RH,C2,Procédure interne
"Synthèse de l'échange hebdomadaire de l'équipe Achats, destinée uniquement aux membres présents et à leur hiérarchie directe.",RH,C2,Compte-rendu de réunion d'équipe
"Attestation médicale — Patient : Mohamed Jebali, CIN 13538682, Tél: +216 92 159 780. Consultation du 05/06/2026 à Clinique El Amen. Motif : burn-out professionnel. Ne pas diffuser en dehors du circuit médical autorisé. Toute copie, impression ou diffusion nécessite une validation préalable.",Medicale,C4,Certificat médical
À l'attention de l'équipe Souscription : merci de prendre connaissance des nouveaux horaires applicables à partir du 22/01/2026. Diffusion limitée aux collaborateurs.,RH,C2,Note de service
Appel de cotisation pour votre assurance auto n° POL-170446. Assuré : Emma Girard. Montant net à payer : 150 000 TND avant le 22/01/2026. Coordonnées bancaires COMAR pour virement : RIB 52254945703176810132.,Finance,C3,Avis d'échéance et appel de cotisations
Petit rappel à toute l'équipe Logistique : la salle de réunion B sera indisponible le 12/03/2026 pour travaux.,RH,C2,Note de service
"Éléments stratégiques relatifs au rapprochement avec une société concurrente, prévu pour le 12/03/2026. Toute fuite d'information avant l'annonce officielle exposerait l'entreprise à un risque financier majeur. Toute copie, impression ou diffusion nécessite une validation préalable.",Strategique,C4,Plan de fusion-acquisition
"Dossier de contentieux opposant COMAR Assurances à un groupe international, enjeu financier estimé à 7 800 TND. Ce dossier est couvert par le secret professionnel. Information de niveau hautement confidentiel, soumise au secret professionnel.",Juridique,C4,Litige juridique majeur
"Offre d'emploi ouverte à candidature : poste à pourvoir au sein de l'équipe Sinistres, annonce publiée sur les plateformes de recrutement tunisiennes.",Publique,C1,Offre d'emploi publiée
Politique de confidentialité et cookies de COMAR Assurances. Nous attachons une grande importance à la protection de vos données personnelles et au respect du RGPD.,Publique,C1,Politique de confidentialité publique
Devis d'assurance habitation n° POL-207441 établi pour Sophie Martin (CIN 04763309). Cotisation annuelle : 12 500 TND pour une couverture multirisque à Ariana.,Finance,C3,Devis et simulation assurance
"Attestation médicale — Patient : Laura Bernard, CIN 03115479, Tél: +216-78-049-988. Consultation du 22/01/2026 à Polyclinique Les Berges du Lac. Motif : hypertension artérielle. Ne pas diffuser en dehors du circuit médical autorisé. Information de niveau hautement confidentiel, soumise au secret professionnel.",Medicale,C4,Certificat médical
"Rapport d'expertise médicale confidentiel rédigé par Dr. Henda Trabelsi, médecin conseil de COMAR Assurances. Suite à l'examen de l'assuré Amira Gharbi (CIN 12492989) après son accident du 30/09/2025. Diagnostic : fracture du poignet entraînant une incapacité permanente partielle. Destiné exclusivement au service médical. Information de niveau hautement confidentiel, soumise au secret professionnel.",Medicale,C4,Rapport médical médecin conseil
Nous recrutons un(e) chargé(e) de projet pour rejoindre notre service Marketing à Gabès. Candidature à envoyer via notre site carrière.,Publique,C1,Offre d'emploi publiée
"MODÈLE DE FICHE CLIENT VIERGE - COMAR ASSURANCES
Nom de l'assuré : [Insérer Nom]
CIN : [__ __ __ __ __ __ __ __]
Téléphone : [Insérer Numéro]
Adresse : [Insérer Ville]
Numéro de police : POL-xxxxxx
Numéro de sinistre : SIN-xxxxxxx",Publique,C1,Modèle de document vierge
À l'attention de l'équipe Achats : merci de prendre connaissance des nouveaux horaires applicables à partir du 22/01/2026. Diffusion limitée aux collaborateurs.,RH,C2,Note de service
Petit rappel à toute l'équipe Marketing : la salle de réunion B sera indisponible le 18/11/2026 pour travaux.,RH,C2,Note de service
"Rapport d'évaluation médicale - Médecin conseil : Dr. Fares Ben Youssef. Assuré : Slim Karray (CIN 13656858, Tél : +216-74-974-430). Examen médical du dossier de sinistre SIN-2024442. Conclusion : grippe saisonnière, incapacité de 30 jours à valider. Soumis au secret médical strict. Accès réservé au circuit autorisé et conservation dans le dossier sécurisé.",Medicale,C4,Rapport médical médecin conseil
"Attestation médicale — Patient : Nabil Hamdi, CIN 07826408, Tél: +216-52-444-340. Consultation du 12/03/2026 à Clinique El Amen. Motif : burn-out professionnel. Ne pas diffuser en dehors du circuit médical autorisé. Toute copie, impression ou diffusion nécessite une validation préalable.",Medicale,C4,Certificat médical
"Relevé de facturation du client Youssef Chaabane, montant total 7 800 TND, à traiter exclusivement par le service comptabilité.",Finance,C3,Facture client
"Synthèse de l'échange hebdomadaire de l'équipe Logistique, destinée uniquement aux membres présents et à leur hiérarchie directe.",RH,C2,Compte-rendu de réunion d'équipe
"Fiche client de Amira Gharbi : coordonnées personnelles, historique d'achats et préférences. CIN 14538336, Tél: +216-58-255-035. Données soumises au RGPD et à la loi tunisienne sur la protection des données.",Personnelles,C3,Dossier client (données personnelles)
"Package de rémunération du comité exécutif, Slim Karray inclus, montant total 150 000 TND. Diffusion strictement limitée à la direction générale. Information de niveau hautement confidentiel, soumise au secret professionnel.",Finance,C4,Rémunération dirigeant
"Offre d'emploi ouverte à candidature : poste à pourvoir au sein de l'équipe Logistique, annonce publiée sur les plateformes de recrutement tunisiennes.",Publique,C1,Offre d'emploi publiée
"MODÈLE DE FICHE CLIENT VIERGE - COMAR ASSURANCES
Nom de l'assuré : [Insérer Nom]
CIN : [__ __ __ __ __ __ __ __]
Téléphone : [Insérer Numéro]
Adresse : [Insérer Ville]
Numéro de police : POL-xxxxxx
Numéro de sinistre : SIN-xxxxxxx",Publique,C1,Modèle de document vierge
"Mode opératoire interne applicable au sein de l'équipe Achats, non destiné à être communiqué à des tiers.",RH,C2,Procédure interne
"Fiche de prélèvement bancaire COMAR : Client Emma Girard, IBAN TN597805929458361883744, CIN 09598816, Tél: +21626037632.",Finance,C3,Coordonnées bancaires client
Appel de cotisation pour votre assurance auto n° POL-780189. Assuré : Julie Dupont. Montant net à payer : 22 900 TND avant le 22/01/2026. Coordonnées bancaires COMAR pour virement : RIB 88728771304238768090.,Finance,C3,Avis d'échéance et appel de cotisations
Facture n° 2026-12/03/2026 émise au nom de Sophie Martin pour un montant de 48 000 TND. Coordonnées de paiement : IBAN TN591704420540515567409.,Finance,C3,Facture client
"Tout savoir sur l'assurance habitation : garanties obligatoires, franchises et options disponibles pour protéger votre logement et votre famille.",Publique,C1,Guide assurance auto/habitation
"Package de rémunération du comité exécutif, Slim Karray inclus, montant total 48 000 TND. Diffusion strictement limitée à la direction générale. Information de niveau hautement confidentiel, soumise au secret professionnel.",Finance,C4,Rémunération dirigeant
Note interne du 12/03/2026 concernant l'organisation du service Logistique pour le trimestre à venir. Ne pas transmettre en dehors de l'entreprise.,RH,C2,Note de service
Organisation des congés et astreintes du service R&D jusqu'au 12/03/2026.,RH,C2,Planning d'équipe
L'entreprise a le plaisir d'informer l'ensemble de ses parties prenantes et du public du succès de son événement annuel organisé à Sfax le 12/03/2026.,Publique,C1,Communiqué de presse
"Communiqué financier : COMAR Assurances affiche des résultats solides pour l'exercice écoulé, avec une hausse du chiffre d'affaires global et de nombreux nouveaux contrats signés à Tunis.",Publique,C1,Actualités financières COMAR
"Compte-rendu médical concernant Sophie Martin (CIN 10060307), établi le 05/06/2026 par Dr. Henda Trabelsi. Ce document relève du secret médical et ne peut être consulté que par le personnel de santé autorisé. Toute copie, impression ou diffusion nécessite une validation préalable.",Medicale,C4,Dossier médical complet
"Déclaration de sinistre n° SIN-2024197 — Assuré : Laura Bernard (CIN 01858110, Tél: +216-26-460-235). Police POL-663977. Montant réclamé : 7 800 TND. Dossier à traiter par le service Sinistres.",Personnelles,C3,Déclaration sinistre assurance
"Découvrez notre engagement en matière de responsabilité sociétale à Nabeul, à retrouver sur notre site web ouvert à tous les visiteurs.",Publique,C1,Page site web institutionnel
"Dossier de suivi du client Youssef Chaabane, incluant ses informations de contact (Mobile: (+216) 90.820.993, Fixe: 70914999). Accès réservé aux collaborateurs habilités du service Souscription.",Personnelles,C3,Dossier client (données personnelles)
"ORDONNANCE — Dr. Leila Hammami, Hôpital Charles Nicolle, Sousse. Patient : Mohamed Jebali (CIN 10276177). Prescription médicale pour lombalgie chronique. Document de santé protégé par le secret médical. Diffusion limitée aux personnes habilitées ; toute transmission externe est interdite.",Medicale,C4,Ordonnance médicale
Scénario de restructuration stratégique concernant le service Sinistres. Ces éléments sont classés au plus haut niveau de sensibilité et leur divulgation prématurée est interdite. Accès réservé au circuit autorisé et conservation dans le dossier sécurisé.,Strategique,C4,Plan de restructuration
"Fiche de prélèvement bancaire COMAR : Client Sophie Martin, IBAN TN591605755574863281070, CIN 01766024, Tél: +216 58 569 791.",Finance,C3,Coordonnées bancaires client
Police d'assurance habitation n° POL-288554 - Conditions particulières. Assuré : Ahmed Trabelsi (Sfax). Franchise générale de 1 850 TND par sinistre. Document contractuel confidentiel.,Personnelles,C3,Conditions particulières de police
"Tout savoir sur l'assurance habitation : garanties obligatoires, franchises et options disponibles pour protéger votre logement et votre famille.",Publique,C1,Guide assurance auto/habitation
"Ordonnance médicale concernant Mohamed Jebali (CIN 01808931). Traitement prescrit le 05/06/2026 par Dr. Fares Ben Youssef. Ce document ne peut être consulté que par le personnel médical habilité et le pharmacien. Information de niveau hautement confidentiel, soumise au secret professionnel.",Medicale,C4,Ordonnance médicale
"Procédure de fonctionnement du service Souscription : étapes à suivre pour le traitement des demandes courantes, réservée au personnel de l'entreprise.",RH,C2,Procédure interne
"Communiqué de presse du 22/01/2026 : COMAR Assurances annonce le lancement de sa nouvelle gamme de produits, disponible dès aujourd'hui pour le grand public tunisien.",Publique,C1,Communiqué de presse
"Charte de confidentialité : comment nous traitons vos données personnelles collectées sur notre site web institutionnel. Conformément à la législation en vigueur, vous disposez d'un droit d'accès et de rectification.",Publique,C1,Politique de confidentialité publique
"Rémunération globale du dirigeant Youssef Chaabane pour l'exercice en cours : 3 200 TND. Cette information est réservée aux membres du conseil d'administration. Information de niveau hautement confidentiel, soumise au secret professionnel.",Finance,C4,Rémunération dirigeant
"Retrouvez notre actualité et nos communiqués officiels sur notre site internet, librement accessibles à tous.",Publique,C1,Communiqué de presse
"Conditions particulières du contrat d'assurance auto n° POL-646579 souscrit par Youssef Chaabane (CIN 12925824, Tél: +21697148087). Date d'effet : 30/09/2025. Garanties : Responsabilité Civile, Vol et Incendie.",Personnelles,C3,Conditions particulières de police
"Package de rémunération du comité exécutif, Mohamed Jebali inclus, montant total 12 500 TND. Diffusion strictement limitée à la direction générale. Diffusion limitée aux personnes habilitées ; toute transmission externe est interdite.",Finance,C4,Rémunération dirigeant
"Compte-rendu médical concernant Nabil Hamdi (CIN 03450588), établi le 12/03/2026 par Dr. Leila Hammami. Ce document relève du secret médical et ne peut être consulté que par le personnel de santé autorisé. Information de niveau hautement confidentiel, soumise au secret professionnel.",Medicale,C4,Dossier médical complet
"Enregistrement des coordonnées bancaires du client Slim Karray (CIN 03731421) : IBAN TN593108066640599743087, RIB 80378253712688704155. Ces informations financières ne doivent en aucun cas être communiquées à un tiers non autorisé.",Finance,C3,Coordonnées bancaires client
"Certificat médical délivré par Polyclinique Les Berges du Lac concernant Amira Gharbi (CIN 19313336). Diagnostic : burn-out professionnel. Durée d'incapacité : 10 jours. Document strictement confidentiel, réservé au médecin conseil COMAR et au service RH. Accès réservé au circuit autorisé et conservation dans le dossier sécurisé.",Medicale,C4,Certificat médical
"Récapitulatif de rémunération de Nabil Hamdi : 48 000 TND, à conserver dans le dossier du salarié, accès restreint au service RH.",Finance,C3,Bulletin de paie
"Attestation bancaire établie pour Ahmed Trabelsi (CIN 11884919) : RIB 53740624261033248773, IBAN TN599701819059746899330. Document à usage exclusif du service Finance et du client concerné.",Finance,C3,Attestation bancaire (RIB tunisien)
Guide de santé publique : comment prévenir les maladies saisonnières. Des conseils simples pour renforcer votre système immunitaire cet hiver.,Publique,C1,Conseils prévention et santé
"Demande d'adhésion au contrat d'assurance groupe COMAR. Adhérent : Amira Gharbi, résidant à Gabès. CIN : 08256166, Tél : +216 56 028 028. Signature requise pour finaliser la souscription.",Personnelles,C3,Demande de souscription contrat
"Plan de réorganisation du service Support client, prévu pour le 18/11/2026, impliquant une révision des effectifs. Document réservé au comité de direction. Toute copie, impression ou diffusion nécessite une validation préalable.",Strategique,C4,Plan de restructuration
"COMAR Assurances annonce des performances financières stables pour ce semestre, consolidant sa position de leader sur le marché tunisien avec un montant net d'investissements record.",Publique,C1,Actualités financières COMAR
"COMAR Assurances annonce des performances financières stables pour ce semestre, consolidant sa position de leader sur le marché tunisien avec un montant net d'investissements record.",Publique,C1,Actualités financières COMAR
"Rapport d'expertise sinistre pour Nabil Hamdi, référence SIN-2026613. Coordonnées : +21676231543, Ariana. Document contenant des données personnelles et financières sensibles.",Personnelles,C3,Déclaration sinistre assurance
"Dossier médical confidentiel de Slim Karray (CIN 17146733, Tél: +216 97 092 137). Antécédents : hypertension artérielle. Suivi à Clinique El Amen. Accès strictement restreint au médecin conseil COMAR. Accès réservé au circuit autorisé et conservation dans le dossier sécurisé.",Medicale,C4,Dossier médical complet
"Compte-rendu médical concernant Youssef Chaabane (CIN 09670710), établi le 30/09/2025 par Dr. Fares Ben Youssef. Ce document relève du secret médical et ne peut être consulté que par le personnel de santé autorisé. Accès réservé au circuit autorisé et conservation dans le dossier sécurisé.",Medicale,C4,Dossier médical complet
Nous recrutons un(e) chargé(e) de projet pour rejoindre notre service R&D à Nabeul. Candidature à envoyer via notre site carrière.,Publique,C1,Offre d'emploi publiée
"Découvrez notre engagement en matière de responsabilité sociétale à La Marsa, à retrouver sur notre site web ouvert à tous les visiteurs.",Publique,C1,Page site web institutionnel
Appel de cotisation pour votre assurance auto n° POL-857587. Assuré : Nabil Hamdi. Montant net à payer : 12 500 TND avant le 12/03/2026. Coordonnées bancaires COMAR pour virement : RIB 64582954637333003047.,Finance,C3,Avis d'échéance et appel de cotisations
"Ordonnance médicale concernant Emma Girard (CIN 09207441). Traitement prescrit le 22/01/2026 par Dr. Sami Mejri. Ce document ne peut être consulté que par le personnel médical habilité et le pharmacien. Toute copie, impression ou diffusion nécessite une validation préalable.",Medicale,C4,Ordonnance médicale
Invitation réunion d'équipe : ordre du jour concernant le planning des audits internes et le suivi du dossier client. Rendez-vous dans la salle de conférence.,RH,C2,Invitation et planification réunion
"Tout savoir sur l'assurance habitation : garanties obligatoires, franchises et options disponibles pour protéger votre logement et votre famille.",Publique,C1,Guide assurance auto/habitation
"MODÈLE DE FICHE CLIENT VIERGE - COMAR ASSURANCES
Nom de l'assuré : [Insérer Nom]
CIN : [__ __ __ __ __ __ __ __]
Téléphone : [Insérer Numéro]
Adresse : [Insérer Ville]
Numéro de police : POL-xxxxxx
Numéro de sinistre : SIN-xxxxxxx",Publique,C1,Modèle de document vierge
"Déclaration de sinistre n° SIN-2026157 — Assuré : Ahmed Trabelsi (CIN 17617099, Tél: +216-73-110-356). Police POL-127096. Montant réclamé : 1 850 TND. Dossier à traiter par le service Sinistres.",Personnelles,C3,Déclaration sinistre assurance
"MODÈLE DE FICHE CLIENT VIERGE - COMAR ASSURANCES
Nom de l'assuré : [Insérer Nom]
CIN : [__ __ __ __ __ __ __ __]
Téléphone : [Insérer Numéro]
Adresse : [Insérer Ville]
Numéro de police : POL-xxxxxx
Numéro de sinistre : SIN-xxxxxxx",Publique,C1,Modèle de document vierge
"Arrêt de travail médical — Youssef Chaabane (CIN 10395088, Matricule 1147253E/A/M/000). Durée : 10 jours à compter du 22/01/2026. Motif : burn-out professionnel. À transmettre uniquement au service RH dans le respect du secret médical. Toute copie, impression ou diffusion nécessite une validation préalable.",Medicale,C4,Arrêt maladie
"Certificat médical délivré par Clinique El Amen concernant Laura Bernard (CIN 09077258). Diagnostic : fracture du poignet. Durée d'incapacité : 30 jours. Document strictement confidentiel, réservé au médecin conseil COMAR et au service RH. Diffusion limitée aux personnes habilitées ; toute transmission externe est interdite.",Medicale,C4,Certificat médical
"Conditions particulières du contrat d'assurance auto n° POL-846770 souscrit par Sophie Martin (CIN 09126981, Tél: +21670334533). Date d'effet : 05/06/2026. Garanties : Responsabilité Civile, Vol et Incendie.",Personnelles,C3,Conditions particulières de police
"Demande d'adhésion au contrat d'assurance groupe COMAR. Adhérent : Julie Dupont, résidant à Nabeul. CIN : 11577180, Tél : (+216) 78.492.239. Signature requise pour finaliser la souscription.",Personnelles,C3,Demande de souscription contrat
"Package de rémunération du comité exécutif, Ahmed Trabelsi inclus, montant total 7 800 TND. Diffusion strictement limitée à la direction générale. Accès réservé au circuit autorisé et conservation dans le dossier sécurisé.",Finance,C4,Rémunération dirigeant
Note interne du 12/03/2026 concernant l'organisation du service Souscription pour le trimestre à venir. Ne pas transmettre en dehors de l'entreprise.,RH,C2,Note de service
Facture n° 2026-12/03/2026 émise au nom de Sophie Martin pour un montant de 22 900 TND. Coordonnées de paiement : IBAN TN598703170981668813038.,Finance,C3,Facture client
"Dossier de contentieux opposant COMAR Assurances à un fonds d'investissement, enjeu financier estimé à 48 000 TND. Ce dossier est couvert par le secret professionnel. Diffusion limitée aux personnes habilitées ; toute transmission externe est interdite.",Juridique,C4,Litige juridique majeur
"Dossier de contentieux opposant COMAR Assurances à un groupe international, enjeu financier estimé à 48 000 TND. Ce dossier est couvert par le secret professionnel. Toute copie, impression ou diffusion nécessite une validation préalable.",Juridique,C4,Litige juridique majeur
"TEMPLATE DE CERTIFICAT MEDICAL D'APTITUDE
Je soussigné Dr [Nom du médecin] certifie que M./Mme [Nom du patient] ... 
Diagnostic : [________________]
Signature et cachet du médecin :",Publique,C1,Modèle de document vierge
Devis d'assurance habitation n° POL-403951 établi pour Ahmed Trabelsi (CIN 15141648). Cotisation annuelle : 48 000 TND pour une couverture multirisque à La Marsa.,Finance,C3,Devis et simulation assurance
"Demande d'adhésion au contrat d'assurance groupe COMAR. Adhérent : Karim Ben Ali, résidant à Monastir. CIN : 05822309, Tél : (+216) 59.760.596. Signature requise pour finaliser la souscription.",Personnelles,C3,Demande de souscription contrat
Politique de confidentialité et cookies de COMAR Assurances. Nous attachons une grande importance à la protection de vos données personnelles et au respect du RGPD.,Publique,C1,Politique de confidentialité publique
"Attestation bancaire établie pour Sophie Martin (CIN 11297676) : RIB 60396108492970453868, IBAN TN591104207651335294957. Document à usage exclusif du service Finance et du client concerné.",Finance,C3,Attestation bancaire (RIB tunisien)
"Projet d'acquisition en cours de négociation avec un partenaire industriel, montant envisagé 48 000 TND. Ce dossier ne doit être consulté que par les membres du comité exécutif jusqu'à son annonce officielle. Accès réservé au circuit autorisé et conservation dans le dossier sécurisé.",Strategique,C4,Plan de fusion-acquisition
"Charte de confidentialité : comment nous traitons vos données personnelles collectées sur notre site web institutionnel. Conformément à la législation en vigueur, vous disposez d'un droit d'accès et de rectification.",Publique,C1,Politique de confidentialité publique
"Communiqué de presse du 18/11/2026 : COMAR Assurances annonce le lancement de sa nouvelle gamme de produits, disponible dès aujourd'hui pour le grand public tunisien.",Publique,C1,Communiqué de presse
"Package de rémunération du comité exécutif, Julie Dupont inclus, montant total 22 900 TND. Diffusion strictement limitée à la direction générale. Diffusion limitée aux personnes habilitées ; toute transmission externe est interdite.",Finance,C4,Rémunération dirigeant
"Enregistrement des coordonnées bancaires du client Slim Karray (CIN 00179251) : IBAN TN591700423275888118592, RIB 06304165272618910953. Ces informations financières ne doivent en aucun cas être communiquées à un tiers non autorisé.",Finance,C3,Coordonnées bancaires client
"Formulaire de souscription assurance vie. Souscripteur : Sophie Martin (CIN 08702739, Tél: +21628467831). Bénéficiaire désigné en cas de décès : conjoint(e). Reçu le 12/03/2026.",Personnelles,C3,Demande de souscription contrat
"Projet d'acquisition en cours de négociation avec une société concurrente, montant envisagé 7 800 TND. Ce dossier ne doit être consulté que par les membres du comité exécutif jusqu'à son annonce officielle. Information de niveau hautement confidentiel, soumise au secret professionnel.",Strategique,C4,Plan de fusion-acquisition
"COMAR Assurances annonce des performances financières stables pour ce semestre, consolidant sa position de leader sur le marché tunisien avec un montant net d'investissements record.",Publique,C1,Actualités financières COMAR
"Demande d'adhésion au contrat d'assurance groupe COMAR. Adhérent : Emma Girard, résidant à Tunis. CIN : 09994985, Tél : +21627174261. Signature requise pour finaliser la souscription.",Personnelles,C3,Demande de souscription contrat
"Charte de confidentialité : comment nous traitons vos données personnelles collectées sur notre site web institutionnel. Conformément à la législation en vigueur, vous disposez d'un droit d'accès et de rectification.",Publique,C1,Politique de confidentialité publique
"Communiqué financier : COMAR Assurances affiche des résultats solides pour l'exercice écoulé, avec une hausse du chiffre d'affaires global et de nombreux nouveaux contrats signés à Tunis.",Publique,C1,Actualités financières COMAR
Relevé de remboursement mutuelle pour Sophie Martin (CIN 03528815). Montant remboursé : 48 000 TND. Acte médical : grippe saisonnière. Données de santé couvertes par le secret médical. Diffusion limitée aux personnes habilitées ; toute transmission externe est interdite.,Medicale,C4,Attestation CNAM / mutuelle
"Rapport d'évaluation médicale - Médecin conseil : Dr. Fares Ben Youssef. Assuré : Slim Karray (CIN 17405793, Tél : +21679602885). Examen médical du dossier de sinistre SIN-2025185. Conclusion : lombalgie chronique, incapacité de 5 jours à valider. Soumis au secret médical strict. Information de niveau hautement confidentiel, soumise au secret professionnel.",Medicale,C4,Rapport médical médecin conseil
"Conditions particulières du contrat d'assurance auto n° POL-704528 souscrit par Sophie Martin (CIN 05205656, Tél: (+216) 79.916.712). Date d'effet : 30/09/2025. Garanties : Responsabilité Civile, Vol et Incendie.",Personnelles,C3,Conditions particulières de police
"Enregistrement des coordonnées bancaires du client Karim Ben Ali (CIN 05587293) : IBAN TN592403421395796562807, RIB 33500645580482940782. Ces informations financières ne doivent en aucun cas être communiquées à un tiers non autorisé.",Finance,C3,Coordonnées bancaires client
"Bonjour à tous, je vous propose de planifier une réunion de travail pour faire le point sur le dossier de l'assurance client de M. Ben Ali. Merci de m'indiquer vos disponibilités.",RH,C2,Invitation et planification réunion
Le présent contrat lie l'entreprise à un fonds d'investissement à compter du 12/03/2026. Sa communication est réservée aux signataires et à la direction juridique.,Juridique,C3,Contrat commercial
À l'attention de l'équipe Marketing : merci de prendre connaissance des nouveaux horaires applicables à partir du 12/03/2026. Diffusion limitée aux collaborateurs.,RH,C2,Note de service
"Communiqué financier : COMAR Assurances affiche des résultats solides pour l'exercice écoulé, avec une hausse du chiffre d'affaires global et de nombreux nouveaux contrats signés à Tunis.",Publique,C1,Actualités financières COMAR
Invitation réunion d'équipe : ordre du jour concernant le planning des audits internes et le suivi du dossier client. Rendez-vous dans la salle de conférence.,RH,C2,Invitation et planification réunion
"Tout savoir sur l'assurance habitation : garanties obligatoires, franchises et options disponibles pour protéger votre logement et votre famille.",Publique,C1,Guide assurance auto/habitation
"Ordonnance médicale concernant Fatma Bouzid (CIN 10955772). Traitement prescrit le 12/03/2026 par Dr. Leila Hammami. Ce document ne peut être consulté que par le personnel médical habilité et le pharmacien. Toute copie, impression ou diffusion nécessite une validation préalable.",Medicale,C4,Ordonnance médicale
"Relevé d'identité bancaire COMAR : titulaire Emma Girard, banque STB, RIB 48218739821255887740, IBAN TN593304607496875744654. Ne pas transmettre par messagerie non sécurisée.",Finance,C3,Attestation bancaire (RIB tunisien)
"Planning prévisionnel de l'équipe Production pour le mois en cours, à consulter par les collaborateurs concernés uniquement.",RH,C2,Planning d'équipe
"Bulletin de salaire de Amira Gharbi pour le mois en cours, service Support client. Montant net à payer : 3 200 TND. Document personnel ne pouvant être partagé sans consentement.",Finance,C3,Bulletin de paie
"Récapitulatif de rémunération de Youssef Chaabane : 1 850 TND, à conserver dans le dossier du salarié, accès restreint au service RH.",Finance,C3,Bulletin de paie
"Demande d'adhésion au contrat d'assurance groupe COMAR. Adhérent : Slim Karray, résidant à Bizerte. CIN : 08734512, Tél : +21696519728. Signature requise pour finaliser la souscription.",Personnelles,C3,Demande de souscription contrat
"Compte-rendu de la réunion du service Marketing du 30/09/2025 : points abordés, décisions prises et actions à suivre par l'équipe.",RH,C2,Compte-rendu de réunion d'équipe
Ordonnance médicale concernant Amira Gharbi (CIN 13786120). Traitement prescrit le 05/06/2026 par Dr. Leila Hammami. Ce document ne peut être consulté que par le personnel médical habilité et le pharmacien. Diffusion limitée aux personnes habilitées ; toute transmission externe est interdite.,Medicale,C4,Ordonnance médicale
"Bulletin de salaire de Mohamed Jebali pour le mois en cours, service Sinistres. Montant net à payer : 150 000 TND. Document personnel ne pouvant être partagé sans consentement.",Finance,C3,Bulletin de paie
"ORDONNANCE — Dr. Leila Hammami, Centre médical COMAR, Gabès. Patient : Julie Dupont (CIN 18703321). Prescription médicale pour lombalgie chronique. Document de santé protégé par le secret médical. Information de niveau hautement confidentiel, soumise au secret professionnel.",Medicale,C4,Ordonnance médicale
"Plan de réorganisation du service R&D, prévu pour le 05/06/2026, impliquant une révision des effectifs. Document réservé au comité de direction. Information de niveau hautement confidentiel, soumise au secret professionnel.",Strategique,C4,Plan de restructuration
Le présent contrat lie l'entreprise à un groupe international à compter du 12/03/2026. Sa communication est réservée aux signataires et à la direction juridique.,Juridique,C3,Contrat commercial
Avis d'échéance COMAR Assurances. Client : Slim Karray. Police n° POL-702597. Cotisation due pour la période du 05/06/2026 : 48 000 TND. À régler par prélèvement sur votre compte IBAN TN596501469059183765397.,Finance,C3,Avis d'échéance et appel de cotisations
"Procédure judiciaire en cours concernant un différend avec un fonds d'investissement. Les pièces de ce dossier ne peuvent être communiquées qu'aux avocats mandatés et à la direction générale. Toute copie, impression ou diffusion nécessite une validation préalable.",Juridique,C4,Litige juridique majeur
"Contrat de travail établi entre COMAR Assurances et Karim Ben Ali, affecté(e) au service Production à Nabeul, prenant effet le 30/09/2025. CIN : 16116159. Ce document engage les deux parties.",RH,C3,Contrat de travail
"Dossier de suivi du client Slim Karray, incluant ses informations de contact (Mobile: +216-91-155-860, Fixe: 77499672). Accès réservé aux collaborateurs habilités du service Souscription.",Personnelles,C3,Dossier client (données personnelles)
"Rapport d'expertise sinistre pour Ahmed Trabelsi, référence SIN-2026584. Coordonnées : +21692382370, Nabeul. Document contenant des données personnelles et financières sensibles.",Personnelles,C3,Déclaration sinistre assurance
"COMAR Santé : Pour votre bien-être, adoptez une alimentation équilibrée et pratiquez une activité physique régulière. Pour toute question médicale, consultez votre médecin traitant.",Publique,C1,Conseils prévention et santé
"Accord commercial conclu entre COMAR Assurances et une société concurrente, portant sur une prestation d'un montant de 48 000 TND. Les termes de cet accord ne peuvent être divulgués sans autorisation.",Juridique,C3,Contrat commercial
"Projet d'acquisition en cours de négociation avec un partenaire industriel, montant envisagé 48 000 TND. Ce dossier ne doit être consulté que par les membres du comité exécutif jusqu'à son annonce officielle. Toute copie, impression ou diffusion nécessite une validation préalable.",Strategique,C4,Plan de fusion-acquisition
"Rapport d'expertise médicale confidentiel rédigé par Dr. Leila Hammami, médecin conseil de COMAR Assurances. Suite à l'examen de l'assuré Youssef Chaabane (CIN 04919817) après son accident du 05/06/2026. Diagnostic : grippe saisonnière entraînant une incapacité permanente partielle. Destiné exclusivement au service médical. Information de niveau hautement confidentiel, soumise au secret professionnel.",Medicale,C4,Rapport médical médecin conseil
"Certificat d'arrêt de travail de Fatma Bouzid, établi par Dr. Fares Ben Youssef le 30/09/2025. Incapacité temporaire de 3 jours. Document couvert par le secret médical, accès restreint au médecin du travail COMAR. Toute copie, impression ou diffusion nécessite une validation préalable.",Medicale,C4,Arrêt maladie
"Compte-rendu médical concernant Emma Girard (CIN 08506967), établi le 12/03/2026 par Dr. Fares Ben Youssef. Ce document relève du secret médical et ne peut être consulté que par le personnel de santé autorisé. Accès réservé au circuit autorisé et conservation dans le dossier sécurisé.",Medicale,C4,Dossier médical complet
"Accord commercial conclu entre COMAR Assurances et un groupe international, portant sur une prestation d'un montant de 7 800 TND. Les termes de cet accord ne peuvent être divulgués sans autorisation.",Juridique,C3,Contrat commercial
"Rapport d'expertise sinistre pour Youssef Chaabane, référence SIN-2026441. Coordonnées : +216-50-282-325, Sousse. Document contenant des données personnelles et financières sensibles.",Personnelles,C3,Déclaration sinistre assurance
L'entreprise a le plaisir d'informer l'ensemble de ses parties prenantes et du public du succès de son événement annuel organisé à La Marsa le 12/03/2026.,Publique,C1,Communiqué de presse
"Dossier médical confidentiel de Mohamed Jebali (CIN 01160026, Tél: (+216) 93.496.777). Antécédents : hypertension artérielle. Suivi à Centre médical COMAR. Accès strictement restreint au médecin conseil COMAR. Accès réservé au circuit autorisé et conservation dans le dossier sécurisé.",Medicale,C4,Dossier médical complet
"Planning prévisionnel de l'équipe Marketing pour le mois en cours, à consulter par les collaborateurs concernés uniquement.",RH,C2,Planning d'équipe
"Simulation de tarif pour une assurance auto COMAR. Client : Sophie Martin. Véhicule de tourisme, usage privé. Montant de la cotisation annuelle estimé à 22 900 TND. Valable 30 jours.",Finance,C3,Devis et simulation assurance
Procédure judiciaire en cours concernant un différend avec un groupe international. Les pièces de ce dossier ne peuvent être communiquées qu'aux avocats mandatés et à la direction générale. Diffusion limitée aux personnes habilitées ; toute transmission externe est interdite.,Juridique,C4,Litige juridique majeur
"Dossier médical confidentiel de Fatma Bouzid (CIN 08634923, Tél: +216 70 249 371). Antécédents : lombalgie chronique. Suivi à Clinique El Amen. Accès strictement restreint au médecin conseil COMAR. Diffusion limitée aux personnes habilitées ; toute transmission externe est interdite.",Medicale,C4,Dossier médical complet
"Enregistrement des coordonnées bancaires du client Karim Ben Ali (CIN 01126421) : IBAN TN593405651234344070806, RIB 31395943578459073128. Ces informations financières ne doivent en aucun cas être communiquées à un tiers non autorisé.",Finance,C3,Coordonnées bancaires client
Procédure judiciaire en cours concernant un différend avec une société concurrente. Les pièces de ce dossier ne peuvent être communiquées qu'aux avocats mandatés et à la direction générale. Accès réservé au circuit autorisé et conservation dans le dossier sécurisé.,Juridique,C4,Litige juridique majeur
"Mode opératoire interne applicable au sein de l'équipe Marketing, non destiné à être communiqué à des tiers.",RH,C2,Procédure interne
"Éléments stratégiques relatifs au rapprochement avec un fonds d'investissement, prévu pour le 05/06/2026. Toute fuite d'information avant l'annonce officielle exposerait l'entreprise à un risque financier majeur. Accès réservé au circuit autorisé et conservation dans le dossier sécurisé.",Strategique,C4,Plan de fusion-acquisition
"Certificat d'arrêt de travail de Slim Karray, établi par Dr. Sami Mejri le 30/09/2025. Incapacité temporaire de 5 jours. Document couvert par le secret médical, accès restreint au médecin du travail COMAR. Diffusion limitée aux personnes habilitées ; toute transmission externe est interdite.",Medicale,C4,Arrêt maladie
"Découvrez notre engagement en matière de responsabilité sociétale à Gabès, à retrouver sur notre site web ouvert à tous les visiteurs.",Publique,C1,Page site web institutionnel
"Rémunération globale du dirigeant Nabil Hamdi pour l'exercice en cours : 3 200 TND. Cette information est réservée aux membres du conseil d'administration. Toute copie, impression ou diffusion nécessite une validation préalable.",Finance,C4,Rémunération dirigeant
"Tout savoir sur l'assurance habitation : garanties obligatoires, franchises et options disponibles pour protéger votre logement et votre famille.",Publique,C1,Guide assurance auto/habitation
"Fiche client COMAR : Julie Dupont (CIN 15115905, Ariana, Tél: +21699256870). Police n° POL-923297. Ce dossier contient des données sensibles assurantielles.",Personnelles,C3,Dossier client (données personnelles)
"CERTIFICAT MÉDICAL — Je soussigné(e) Dr. Sami Mejri, certifie avoir examiné ce jour M./Mme Slim Karray (CIN 17224855) et constate un état de santé nécessitant un repos de 3 jours. Établi à Tunis le 22/01/2026. Ce document est couvert par le secret médical. Accès réservé au circuit autorisé et conservation dans le dossier sécurisé.",Medicale,C4,Certificat médical
"Certificat médical délivré par Polyclinique Les Berges du Lac concernant Youssef Chaabane (CIN 04662569). Diagnostic : grippe saisonnière. Durée d'incapacité : 30 jours. Document strictement confidentiel, réservé au médecin conseil COMAR et au service RH. Toute copie, impression ou diffusion nécessite une validation préalable.",Medicale,C4,Certificat médical
"Récapitulatif de rémunération de Slim Karray : 12 500 TND, à conserver dans le dossier du salarié, accès restreint au service RH.",Finance,C3,Bulletin de paie
Note interne du 05/06/2026 concernant l'organisation du service Marketing pour le trimestre à venir. Ne pas transmettre en dehors de l'entreprise.,RH,C2,Note de service
Devis d'assurance habitation n° POL-481937 établi pour Youssef Chaabane (CIN 06674000). Cotisation annuelle : 22 900 TND pour une couverture multirisque à Tunis.,Finance,C3,Devis et simulation assurance
"Ordonnance médicale concernant Amira Gharbi (CIN 10989534). Traitement prescrit le 30/09/2025 par Dr. Sami Mejri. Ce document ne peut être consulté que par le personnel médical habilité et le pharmacien. Information de niveau hautement confidentiel, soumise au secret professionnel.",Medicale,C4,Ordonnance médicale
"Attestation bancaire établie pour Youssef Chaabane (CIN 12115424) : RIB 37196034897311601565, IBAN TN592204205964254978064. Document à usage exclusif du service Finance et du client concerné.",Finance,C3,Attestation bancaire (RIB tunisien)
Procédure judiciaire en cours concernant un différend avec un groupe international. Les pièces de ce dossier ne peuvent être communiquées qu'aux avocats mandatés et à la direction générale. Accès réservé au circuit autorisé et conservation dans le dossier sécurisé.,Juridique,C4,Litige juridique majeur
"Offre d'emploi ouverte à candidature : poste à pourvoir au sein de l'équipe Production, annonce publiée sur les plateformes de recrutement tunisiennes.",Publique,C1,Offre d'emploi publiée
"Rapport d'évaluation médicale - Médecin conseil : Dr. Sami Mejri. Assuré : Laura Bernard (CIN 18588346, Tél : +216 29 580 419). Examen médical du dossier de sinistre SIN-2024478. Conclusion : burn-out professionnel, incapacité de 10 jours à valider. Soumis au secret médical strict. Accès réservé au circuit autorisé et conservation dans le dossier sécurisé.",Medicale,C4,Rapport médical médecin conseil
"Arrêt de travail médical — Slim Karray (CIN 08826310, Matricule 8381754P/P/N/000). Durée : 10 jours à compter du 12/03/2026. Motif : burn-out professionnel. À transmettre uniquement au service RH dans le respect du secret médical. Information de niveau hautement confidentiel, soumise au secret professionnel.",Medicale,C4,Arrêt maladie
"Dossier médical confidentiel de Mohamed Jebali (CIN 07810508, Tél: (+216) 97.894.081). Antécédents : lombalgie chronique. Suivi à Polyclinique Les Berges du Lac. Accès strictement restreint au médecin conseil COMAR. Accès réservé au circuit autorisé et conservation dans le dossier sécurisé.",Medicale,C4,Dossier médical complet
"Bonjour à tous, je vous propose de planifier une réunion de travail pour faire le point sur le dossier de l'assurance client de M. Ben Ali. Merci de m'indiquer vos disponibilités.",RH,C2,Invitation et planification réunion
Guide pratique de l'assuré : comment déclarer un sinistre en ligne et obtenir une assistance immédiate. Les étapes clés pour être remboursé rapidement.,Publique,C1,Guide assurance auto/habitation
"Retrouvez notre actualité et nos communiqués officiels sur notre site internet, librement accessibles à tous.",Publique,C1,Communiqué de presse
Invitation réunion d'équipe : ordre du jour concernant le planning des audits internes et le suivi du dossier client. Rendez-vous dans la salle de conférence.,RH,C2,Invitation et planification réunion
"Attestation CNAM — Bénéficiaire : Laura Bernard (CIN 00684116). Numéro d'affiliation : 6960016R/P/M/000. Prise en charge médicale pour fracture du poignet. Document contenant des données de santé protégées. Information de niveau hautement confidentiel, soumise au secret professionnel.",Medicale,C4,Attestation CNAM / mutuelle
Attestation CNAM — Bénéficiaire : Nabil Hamdi (CIN 06288570). Numéro d'affiliation : 6844428F/P/N/000. Prise en charge médicale pour grippe saisonnière. Document contenant des données de santé protégées. Diffusion limitée aux personnes habilitées ; toute transmission externe est interdite.,Medicale,C4,Attestation CNAM / mutuelle
"Présentation de notre mission, de nos valeurs et de notre histoire, publiée sur la page d'accueil de notre site institutionnel COMAR Assurances.",Publique,C1,Page site web institutionnel
"COMAR Assurances annonce des performances financières stables pour ce semestre, consolidant sa position de leader sur le marché tunisien avec un montant net d'investissements record.",Publique,C1,Actualités financières COMAR
"Ordonnance médicale concernant Ahmed Trabelsi (CIN 02339364). Traitement prescrit le 18/11/2026 par Dr. Fares Ben Youssef. Ce document ne peut être consulté que par le personnel médical habilité et le pharmacien. Toute copie, impression ou diffusion nécessite une validation préalable.",Medicale,C4,Ordonnance médicale
"COMAR Assurances annonce des performances financières stables pour ce semestre, consolidant sa position de leader sur le marché tunisien avec un montant net d'investissements record.",Publique,C1,Actualités financières COMAR
"Fiche client de Slim Karray : coordonnées personnelles, historique d'achats et préférences. CIN 07410591, Tél: +21672798155. Données soumises au RGPD et à la loi tunisienne sur la protection des données.",Personnelles,C3,Dossier client (données personnelles)
"Rémunération globale du dirigeant Karim Ben Ali pour l'exercice en cours : 12 500 TND. Cette information est réservée aux membres du conseil d'administration. Toute copie, impression ou diffusion nécessite une validation préalable.",Finance,C4,Rémunération dirigeant
"MODÈLE DE FICHE CLIENT VIERGE - COMAR ASSURANCES
Nom de l'assuré : [Insérer Nom]
CIN : [__ __ __ __ __ __ __ __]
Téléphone : [Insérer Numéro]
Adresse : [Insérer Ville]
Numéro de police : POL-xxxxxx
Numéro de sinistre : SIN-xxxxxxx",Publique,C1,Modèle de document vierge
"Charte de confidentialité : comment nous traitons vos données personnelles collectées sur notre site web institutionnel. Conformément à la législation en vigueur, vous disposez d'un droit d'accès et de rectification.",Publique,C1,Politique de confidentialité publique
"Relevé d'identité bancaire COMAR : titulaire Nabil Hamdi, banque STB, RIB 07799772222646153300, IBAN TN598703597543453649961. Ne pas transmettre par messagerie non sécurisée.",Finance,C3,Attestation bancaire (RIB tunisien)
"Scénario de restructuration stratégique concernant le service Logistique. Ces éléments sont classés au plus haut niveau de sensibilité et leur divulgation prématurée est interdite. Toute copie, impression ou diffusion nécessite une validation préalable.",Strategique,C4,Plan de restructuration
Police d'assurance habitation n° POL-301494 - Conditions particulières. Assuré : Julie Dupont (Nabeul). Franchise générale de 150 000 TND par sinistre. Document contractuel confidentiel.,Personnelles,C3,Conditions particulières de police
"Rapport d'évaluation médicale - Médecin conseil : Dr. Leila Hammami. Assuré : Slim Karray (CIN 02662528, Tél : +216-90-169-444). Examen médical du dossier de sinistre SIN-2026117. Conclusion : grippe saisonnière, incapacité de 15 jours à valider. Soumis au secret médical strict. Diffusion limitée aux personnes habilitées ; toute transmission externe est interdite.",Medicale,C4,Rapport médical médecin conseil
"Bulletin de salaire de Amira Gharbi pour le mois en cours, service R&D. Montant net à payer : 22 900 TND. Document personnel ne pouvant être partagé sans consentement.",Finance,C3,Bulletin de paie
"TEMPLATE DE CERTIFICAT MEDICAL D'APTITUDE
Je soussigné Dr [Nom du médecin] certifie que M./Mme [Nom du patient] ... 
Diagnostic : [________________]
Signature et cachet du médecin :",Publique,C1,Modèle de document vierge
"Éléments stratégiques relatifs au rapprochement avec une société concurrente, prévu pour le 05/06/2026. Toute fuite d'information avant l'annonce officielle exposerait l'entreprise à un risque financier majeur. Toute copie, impression ou diffusion nécessite une validation préalable.",Strategique,C4,Plan de fusion-acquisition
"CERTIFICAT MÉDICAL — Je soussigné(e) Dr. Henda Trabelsi, certifie avoir examiné ce jour M./Mme Karim Ben Ali (CIN 06144645) et constate un état de santé nécessitant un repos de 30 jours. Établi à Sousse le 12/03/2026. Ce document est couvert par le secret médical. Diffusion limitée aux personnes habilitées ; toute transmission externe est interdite.",Medicale,C4,Certificat médical
"COMAR Assurances annonce des performances financières stables pour ce semestre, consolidant sa position de leader sur le marché tunisien avec un montant net d'investissements record.",Publique,C1,Actualités financières COMAR
"Relevé de remboursement mutuelle pour Mohamed Jebali (CIN 00955409). Montant remboursé : 150 000 TND. Acte médical : fracture du poignet. Données de santé couvertes par le secret médical. Information de niveau hautement confidentiel, soumise au secret professionnel.",Medicale,C4,Attestation CNAM / mutuelle
"ORDONNANCE — Dr. Fares Ben Youssef, Polyclinique Les Berges du Lac, Monastir. Patient : Nabil Hamdi (CIN 12450893). Prescription médicale pour grippe saisonnière. Document de santé protégé par le secret médical. Diffusion limitée aux personnes habilitées ; toute transmission externe est interdite.",Medicale,C4,Ordonnance médicale
"Procédure de fonctionnement du service Sinistres : étapes à suivre pour le traitement des demandes courantes, réservée au personnel de l'entreprise.",RH,C2,Procédure interne
"Synthèse de l'échange hebdomadaire de l'équipe Achats, destinée uniquement aux membres présents et à leur hiérarchie directe.",RH,C2,Compte-rendu de réunion d'équipe
"Découvrez notre engagement en matière de responsabilité sociétale à Gabès, à retrouver sur notre site web ouvert à tous les visiteurs.",Publique,C1,Page site web institutionnel
Le présent contrat fixe les conditions d'emploi de Julie Dupont au sein du service Marketing. Sa diffusion est strictement réservée aux ressources humaines et à l'intéressé(e).,RH,C3,Contrat de travail
"Bulletin de salaire de Laura Bernard pour le mois en cours, service Achats. Montant net à payer : 3 200 TND. Document personnel ne pouvant être partagé sans consentement.",Finance,C3,Bulletin de paie
Le présent contrat fixe les conditions d'emploi de Karim Ben Ali au sein du service Production. Sa diffusion est strictement réservée aux ressources humaines et à l'intéressé(e).,RH,C3,Contrat de travail
Invitation réunion d'équipe : ordre du jour concernant le planning des audits internes et le suivi du dossier client. Rendez-vous dans la salle de conférence.,RH,C2,Invitation et planification réunion
"COMAR Santé : Pour votre bien-être, adoptez une alimentation équilibrée et pratiquez une activité physique régulière. Pour toute question médicale, consultez votre médecin traitant.",Publique,C1,Conseils prévention et santé
"Enregistrement des coordonnées bancaires du client Julie Dupont (CIN 16910708) : IBAN TN599106659545430017846, RIB 27420522589873073216. Ces informations financières ne doivent en aucun cas être communiquées à un tiers non autorisé.",Finance,C3,Coordonnées bancaires client
"Relevé de facturation du client Laura Bernard, montant total 48 000 TND, à traiter exclusivement par le service comptabilité.",Finance,C3,Facture client
"Déclaration de sinistre n° SIN-2025301 — Assuré : Slim Karray (CIN 18637218, Tél: +216 73 893 584). Police POL-507135. Montant réclamé : 150 000 TND. Dossier à traiter par le service Sinistres.",Personnelles,C3,Déclaration sinistre assurance
"Contrat de travail établi entre COMAR Assurances et Emma Girard, affecté(e) au service Sinistres à Nabeul, prenant effet le 22/01/2026. CIN : 18628868. Ce document engage les deux parties.",RH,C3,Contrat de travail
Police d'assurance habitation n° POL-674823 - Conditions particulières. Assuré : Julie Dupont (Tunis). Franchise générale de 150 000 TND par sinistre. Document contractuel confidentiel.,Personnelles,C3,Conditions particulières de police
"Projet d'acquisition en cours de négociation avec un fonds d'investissement, montant envisagé 3 200 TND. Ce dossier ne doit être consulté que par les membres du comité exécutif jusqu'à son annonce officielle. Toute copie, impression ou diffusion nécessite une validation préalable.",Strategique,C4,Plan de fusion-acquisition
"Déclaration de sinistre n° SIN-2026810 — Assuré : Mohamed Jebali (CIN 07586435, Tél: +216-95-309-753). Police POL-523927. Montant réclamé : 48 000 TND. Dossier à traiter par le service Sinistres.",Personnelles,C3,Déclaration sinistre assurance
"Accord commercial conclu entre COMAR Assurances et un partenaire industriel, portant sur une prestation d'un montant de 12 500 TND. Les termes de cet accord ne peuvent être divulgués sans autorisation.",Juridique,C3,Contrat commercial
Guide de santé publique : comment prévenir les maladies saisonnières. Des conseils simples pour renforcer votre système immunitaire cet hiver.,Publique,C1,Conseils prévention et santé
"Offre d'emploi ouverte à candidature : poste à pourvoir au sein de l'équipe Production, annonce publiée sur les plateformes de recrutement tunisiennes.",Publique,C1,Offre d'emploi publiée
"Relevé d'identité bancaire COMAR : titulaire Youssef Chaabane, banque STB, RIB 70566230056094461501, IBAN TN599308654719270548748. Ne pas transmettre par messagerie non sécurisée.",Finance,C3,Attestation bancaire (RIB tunisien)
"Tout savoir sur l'assurance habitation : garanties obligatoires, franchises et options disponibles pour protéger votre logement et votre famille.",Publique,C1,Guide assurance auto/habitation
"Dossier de contentieux opposant COMAR Assurances à un partenaire industriel, enjeu financier estimé à 22 900 TND. Ce dossier est couvert par le secret professionnel. Information de niveau hautement confidentiel, soumise au secret professionnel.",Juridique,C4,Litige juridique majeur
"Dossier de suivi du client Amira Gharbi, incluant ses informations de contact (Mobile: (+216) 99.407.234, Fixe: 23698958). Accès réservé aux collaborateurs habilités du service Logistique.",Personnelles,C3,Dossier client (données personnelles)
"Découvrez notre engagement en matière de responsabilité sociétale à Sfax, à retrouver sur notre site web ouvert à tous les visiteurs.",Publique,C1,Page site web institutionnel
Petit rappel à toute l'équipe Souscription : la salle de réunion B sera indisponible le 30/09/2025 pour travaux.,RH,C2,Note de service
"Dossier médical confidentiel de Fatma Bouzid (CIN 16345645, Tél: +21622407942). Antécédents : hypertension artérielle. Suivi à Polyclinique Les Berges du Lac. Accès strictement restreint au médecin conseil COMAR. Accès réservé au circuit autorisé et conservation dans le dossier sécurisé.",Medicale,C4,Dossier médical complet
"Synthèse de l'échange hebdomadaire de l'équipe R&D, destinée uniquement aux membres présents et à leur hiérarchie directe.",RH,C2,Compte-rendu de réunion d'équipe
"Rapport d'expertise sinistre pour Julie Dupont, référence SIN-2026729. Coordonnées : +216-76-301-333, Ariana. Document contenant des données personnelles et financières sensibles.",Personnelles,C3,Déclaration sinistre assurance
"Rapport d'expertise sinistre pour Amira Gharbi, référence SIN-2026201. Coordonnées : +216 53 684 054, Bizerte. Document contenant des données personnelles et financières sensibles.",Personnelles,C3,Déclaration sinistre assurance
"Fiche de prélèvement bancaire COMAR : Client Nabil Hamdi, IBAN TN597609597929626327324, CIN 02987681, Tél: +216 77 051 917.",Finance,C3,Coordonnées bancaires client
"Dossier de suivi du client Slim Karray, incluant ses informations de contact (Mobile: (+216) 76.628.711, Fixe: 20461614). Accès réservé aux collaborateurs habilités du service Support client.",Personnelles,C3,Dossier client (données personnelles)
"COMAR Santé : Pour votre bien-être, adoptez une alimentation équilibrée et pratiquez une activité physique régulière. Pour toute question médicale, consultez votre médecin traitant.",Publique,C1,Conseils prévention et santé
"Conditions particulières du contrat d'assurance auto n° POL-766819 souscrit par Slim Karray (CIN 19110308, Tél: +216 97 758 638). Date d'effet : 05/06/2026. Garanties : Responsabilité Civile, Vol et Incendie.",Personnelles,C3,Conditions particulières de police
"Procédure de fonctionnement du service Achats : étapes à suivre pour le traitement des demandes courantes, réservée au personnel de l'entreprise.",RH,C2,Procédure interne
"Fiche client COMAR : Amira Gharbi (CIN 05675413, Ariana, Tél: +216 71 455 797). Police n° POL-320696. Ce dossier contient des données sensibles assurantielles.",Personnelles,C3,Dossier client (données personnelles)
